s,p,old_o,new_o,New_triple_already_exists
http://ncicb.nci.nih.gov/xml/owl/EVS/Thesaurus.owl#C135032,http://www.w3.org/2000/01/rdf-schema#subClassOf,http://ncicb.nci.nih.gov/xml/owl/EVS/Thesaurus.owl#C135030,http://ncicb.nci.nih.gov/xml/owl/EVS/Thesaurus.owl#C153351,0.0
http://ncicb.nci.nih.gov/xml/owl/EVS/Thesaurus.owl#C5085,http://www.w3.org/2000/01/rdf-schema#subClassOf,http://ncicb.nci.nih.gov/xml/owl/EVS/Thesaurus.owl#C68678,http://ncicb.nci.nih.gov/xml/owl/EVS/Thesaurus.owl#C165700,0.0
http://ncicb.nci.nih.gov/xml/owl/EVS/Thesaurus.owl#C184606,http://www.w3.org/2000/01/rdf-schema#subClassOf,http://ncicb.nci.nih.gov/xml/owl/EVS/Thesaurus.owl#C74688,http://ncicb.nci.nih.gov/xml/owl/EVS/Thesaurus.owl#C5906,0.0
http://ncicb.nci.nih.gov/xml/owl/EVS/Thesaurus.owl#C5075,http://www.w3.org/2000/01/rdf-schema#subClassOf,http://ncicb.nci.nih.gov/xml/owl/EVS/Thesaurus.owl#C8834,http://ncicb.nci.nih.gov/xml/owl/EVS/Thesaurus.owl#C8243,0.0
http://ncicb.nci.nih.gov/xml/owl/EVS/Thesaurus.owl#C40236,http://www.w3.org/2000/01/rdf-schema#subClassOf,http://ncicb.nci.nih.gov/xml/owl/EVS/Thesaurus.owl#C9311,http://ncicb.nci.nih.gov/xml/owl/EVS/Thesaurus.owl#C189303,0.0
http://ncicb.nci.nih.gov/xml/owl/EVS/Thesaurus.owl#C8079,http://www.w3.org/2000/01/rdf-schema#subClassOf,http://ncicb.nci.nih.gov/xml/owl/EVS/Thesaurus.owl#C9252,http://ncicb.nci.nih.gov/xml/owl/EVS/Thesaurus.owl#C134523,0.0
http://ncicb.nci.nih.gov/xml/owl/EVS/Thesaurus.owl#C131407,http://www.w3.org/2000/01/rdf-schema#subClassOf,http://ncicb.nci.nih.gov/xml/owl/EVS/Thesaurus.owl#C173734,http://ncicb.nci.nih.gov/xml/owl/EVS/Thesaurus.owl#C89560,0.0
http://ncicb.nci.nih.gov/xml/owl/EVS/Thesaurus.owl#C134141,http://www.w3.org/2000/01/rdf-schema#subClassOf,http://ncicb.nci.nih.gov/xml/owl/EVS/Thesaurus.owl#C134137,http://ncicb.nci.nih.gov/xml/owl/EVS/Thesaurus.owl#C181787,0.0
http://ncicb.nci.nih.gov/xml/owl/EVS/Thesaurus.owl#C27284,http://www.w3.org/2000/01/rdf-schema#subClassOf,http://ncicb.nci.nih.gov/xml/owl/EVS/Thesaurus.owl#C133095,http://ncicb.nci.nih.gov/xml/owl/EVS/Thesaurus.owl#C7721,0.0
http://ncicb.nci.nih.gov/xml/owl/EVS/Thesaurus.owl#C9155,http://www.w3.org/2000/01/rdf-schema#subClassOf,http://ncicb.nci.nih.gov/xml/owl/EVS/Thesaurus.owl#C68700,http://ncicb.nci.nih.gov/xml/owl/EVS/Thesaurus.owl#C68684,0.0
http://ncicb.nci.nih.gov/xml/owl/EVS/Thesaurus.owl#C4487,http://www.w3.org/2000/01/rdf-schema#subClassOf,http://ncicb.nci.nih.gov/xml/owl/EVS/Thesaurus.owl#C7457,http://ncicb.nci.nih.gov/xml/owl/EVS/Thesaurus.owl#C151995,0.0
http://ncicb.nci.nih.gov/xml/owl/EVS/Thesaurus.owl#C4545,http://www.w3.org/2000/01/rdf-schema#subClassOf,http://ncicb.nci.nih.gov/xml/owl/EVS/Thesaurus.owl#C7457,http://ncicb.nci.nih.gov/xml/owl/EVS/Thesaurus.owl#C172683,0.0
http://ncicb.nci.nih.gov/xml/owl/EVS/Thesaurus.owl#C5897,http://www.w3.org/2000/01/rdf-schema#subClassOf,http://ncicb.nci.nih.gov/xml/owl/EVS/Thesaurus.owl#C132778,http://ncicb.nci.nih.gov/xml/owl/EVS/Thesaurus.owl#C118491,0.0
http://ncicb.nci.nih.gov/xml/owl/EVS/Thesaurus.owl#C105539,http://www.w3.org/2000/01/rdf-schema#subClassOf,http://ncicb.nci.nih.gov/xml/owl/EVS/Thesaurus.owl#C173734,http://ncicb.nci.nih.gov/xml/owl/EVS/Thesaurus.owl#C5008,0.0
http://ncicb.nci.nih.gov/xml/owl/EVS/Thesaurus.owl#C6239,http://www.w3.org/2000/01/rdf-schema#subClassOf,http://ncicb.nci.nih.gov/xml/owl/EVS/Thesaurus.owl#C9332,http://ncicb.nci.nih.gov/xml/owl/EVS/Thesaurus.owl#C36229,0.0
http://ncicb.nci.nih.gov/xml/owl/EVS/Thesaurus.owl#C37411,http://www.w3.org/2000/01/rdf-schema#subClassOf,http://ncicb.nci.nih.gov/xml/owl/EVS/Thesaurus.owl#C14421,http://ncicb.nci.nih.gov/xml/owl/EVS/Thesaurus.owl#C135124,0.0
http://ncicb.nci.nih.gov/xml/owl/EVS/Thesaurus.owl#C8864,http://www.w3.org/2000/01/rdf-schema#subClassOf,http://ncicb.nci.nih.gov/xml/owl/EVS/Thesaurus.owl#C68678,http://ncicb.nci.nih.gov/xml/owl/EVS/Thesaurus.owl#C135540,0.0
http://ncicb.nci.nih.gov/xml/owl/EVS/Thesaurus.owl#C89610,http://www.w3.org/2000/01/rdf-schema#subClassOf,http://ncicb.nci.nih.gov/xml/owl/EVS/Thesaurus.owl#C89608,http://ncicb.nci.nih.gov/xml/owl/EVS/Thesaurus.owl#C6671,0.0
http://ncicb.nci.nih.gov/xml/owl/EVS/Thesaurus.owl#C157070,http://www.w3.org/2000/01/rdf-schema#subClassOf,http://ncicb.nci.nih.gov/xml/owl/EVS/Thesaurus.owl#C157073,http://ncicb.nci.nih.gov/xml/owl/EVS/Thesaurus.owl#C168994,0.0
http://ncicb.nci.nih.gov/xml/owl/EVS/Thesaurus.owl#C14388,http://www.w3.org/2000/01/rdf-schema#subClassOf,http://ncicb.nci.nih.gov/xml/owl/EVS/Thesaurus.owl#C15172,http://ncicb.nci.nih.gov/xml/owl/EVS/Thesaurus.owl#C160820,0.0
http://ncicb.nci.nih.gov/xml/owl/EVS/Thesaurus.owl#C185979,http://www.w3.org/2000/01/rdf-schema#subClassOf,http://ncicb.nci.nih.gov/xml/owl/EVS/Thesaurus.owl#C122157,http://ncicb.nci.nih.gov/xml/owl/EVS/Thesaurus.owl#C89560,0.0
http://ncicb.nci.nih.gov/xml/owl/EVS/Thesaurus.owl#C6056,http://www.w3.org/2000/01/rdf-schema#subClassOf,http://ncicb.nci.nih.gov/xml/owl/EVS/Thesaurus.owl#C4833,http://ncicb.nci.nih.gov/xml/owl/EVS/Thesaurus.owl#C9319,0.0
http://ncicb.nci.nih.gov/xml/owl/EVS/Thesaurus.owl#C135206,http://www.w3.org/2000/01/rdf-schema#subClassOf,http://ncicb.nci.nih.gov/xml/owl/EVS/Thesaurus.owl#C135205,http://ncicb.nci.nih.gov/xml/owl/EVS/Thesaurus.owl#C170784,0.0
http://ncicb.nci.nih.gov/xml/owl/EVS/Thesaurus.owl#C3553,http://www.w3.org/2000/01/rdf-schema#subClassOf,http://ncicb.nci.nih.gov/xml/owl/EVS/Thesaurus.owl#C9311,http://ncicb.nci.nih.gov/xml/owl/EVS/Thesaurus.owl#C129318,0.0
http://ncicb.nci.nih.gov/xml/owl/EVS/Thesaurus.owl#C8126,http://www.w3.org/2000/01/rdf-schema#subClassOf,http://ncicb.nci.nih.gov/xml/owl/EVS/Thesaurus.owl#C8849,http://ncicb.nci.nih.gov/xml/owl/EVS/Thesaurus.owl#C172689,0.0
http://ncicb.nci.nih.gov/xml/owl/EVS/Thesaurus.owl#C8251,http://www.w3.org/2000/01/rdf-schema#subClassOf,http://ncicb.nci.nih.gov/xml/owl/EVS/Thesaurus.owl#C8490,http://ncicb.nci.nih.gov/xml/owl/EVS/Thesaurus.owl#C181609,0.0
http://ncicb.nci.nih.gov/xml/owl/EVS/Thesaurus.owl#C138195,http://www.w3.org/2000/01/rdf-schema#subClassOf,http://ncicb.nci.nih.gov/xml/owl/EVS/Thesaurus.owl#C138211,http://ncicb.nci.nih.gov/xml/owl/EVS/Thesaurus.owl#C5021,0.0
http://ncicb.nci.nih.gov/xml/owl/EVS/Thesaurus.owl#C156081,http://www.w3.org/2000/01/rdf-schema#subClassOf,http://ncicb.nci.nih.gov/xml/owl/EVS/Thesaurus.owl#C9465,http://ncicb.nci.nih.gov/xml/owl/EVS/Thesaurus.owl#C9062,0.0
http://ncicb.nci.nih.gov/xml/owl/EVS/Thesaurus.owl#C137652,http://www.w3.org/2000/01/rdf-schema#subClassOf,http://ncicb.nci.nih.gov/xml/owl/EVS/Thesaurus.owl#C137651,http://ncicb.nci.nih.gov/xml/owl/EVS/Thesaurus.owl#C68684,0.0
http://ncicb.nci.nih.gov/xml/owl/EVS/Thesaurus.owl#C132994,http://www.w3.org/2000/01/rdf-schema#subClassOf,http://ncicb.nci.nih.gov/xml/owl/EVS/Thesaurus.owl#C9105,http://ncicb.nci.nih.gov/xml/owl/EVS/Thesaurus.owl#C171300,0.0
http://ncicb.nci.nih.gov/xml/owl/EVS/Thesaurus.owl#C170782,http://www.w3.org/2000/01/rdf-schema#subClassOf,http://ncicb.nci.nih.gov/xml/owl/EVS/Thesaurus.owl#C165561,http://ncicb.nci.nih.gov/xml/owl/EVS/Thesaurus.owl#C181609,0.0
http://ncicb.nci.nih.gov/xml/owl/EVS/Thesaurus.owl#C181793,http://www.w3.org/2000/01/rdf-schema#subClassOf,http://ncicb.nci.nih.gov/xml/owl/EVS/Thesaurus.owl#C165699,http://ncicb.nci.nih.gov/xml/owl/EVS/Thesaurus.owl#C163965,0.0
http://ncicb.nci.nih.gov/xml/owl/EVS/Thesaurus.owl#C146689,http://www.w3.org/2000/01/rdf-schema#subClassOf,http://ncicb.nci.nih.gov/xml/owl/EVS/Thesaurus.owl#C141297,http://ncicb.nci.nih.gov/xml/owl/EVS/Thesaurus.owl#C23066,0.0
http://ncicb.nci.nih.gov/xml/owl/EVS/Thesaurus.owl#C154494,http://www.w3.org/2000/01/rdf-schema#subClassOf,http://ncicb.nci.nih.gov/xml/owl/EVS/Thesaurus.owl#C189241,http://ncicb.nci.nih.gov/xml/owl/EVS/Thesaurus.owl#C8849,0.0
http://ncicb.nci.nih.gov/xml/owl/EVS/Thesaurus.owl#C171582,http://www.w3.org/2000/01/rdf-schema#subClassOf,http://ncicb.nci.nih.gov/xml/owl/EVS/Thesaurus.owl#C171583,http://ncicb.nci.nih.gov/xml/owl/EVS/Thesaurus.owl#C134523,0.0
http://ncicb.nci.nih.gov/xml/owl/EVS/Thesaurus.owl#C37374,http://www.w3.org/2000/01/rdf-schema#subClassOf,http://ncicb.nci.nih.gov/xml/owl/EVS/Thesaurus.owl#C14421,http://ncicb.nci.nih.gov/xml/owl/EVS/Thesaurus.owl#C140756,0.0
http://ncicb.nci.nih.gov/xml/owl/EVS/Thesaurus.owl#C37425,http://www.w3.org/2000/01/rdf-schema#subClassOf,http://ncicb.nci.nih.gov/xml/owl/EVS/Thesaurus.owl#C14421,http://ncicb.nci.nih.gov/xml/owl/EVS/Thesaurus.owl#C74692,0.0
http://ncicb.nci.nih.gov/xml/owl/EVS/Thesaurus.owl#C6222,http://www.w3.org/2000/01/rdf-schema#subClassOf,http://ncicb.nci.nih.gov/xml/owl/EVS/Thesaurus.owl#C6221,http://ncicb.nci.nih.gov/xml/owl/EVS/Thesaurus.owl#C7976,0.0
http://ncicb.nci.nih.gov/xml/owl/EVS/Thesaurus.owl#C7245,http://www.w3.org/2000/01/rdf-schema#subClassOf,http://ncicb.nci.nih.gov/xml/owl/EVS/Thesaurus.owl#C6917,http://ncicb.nci.nih.gov/xml/owl/EVS/Thesaurus.owl#C8513,0.0
http://ncicb.nci.nih.gov/xml/owl/EVS/Thesaurus.owl#C139979,http://www.w3.org/2000/01/rdf-schema#subClassOf,http://ncicb.nci.nih.gov/xml/owl/EVS/Thesaurus.owl#C139977,http://ncicb.nci.nih.gov/xml/owl/EVS/Thesaurus.owl#C5286,0.0
http://ncicb.nci.nih.gov/xml/owl/EVS/Thesaurus.owl#C139749,http://www.w3.org/2000/01/rdf-schema#subClassOf,http://ncicb.nci.nih.gov/xml/owl/EVS/Thesaurus.owl#C139733,http://ncicb.nci.nih.gov/xml/owl/EVS/Thesaurus.owl#C139541,0.0
http://ncicb.nci.nih.gov/xml/owl/EVS/Thesaurus.owl#C186275,http://www.w3.org/2000/01/rdf-schema#subClassOf,http://ncicb.nci.nih.gov/xml/owl/EVS/Thesaurus.owl#C171020,http://ncicb.nci.nih.gov/xml/owl/EVS/Thesaurus.owl#C129600,0.0
http://ncicb.nci.nih.gov/xml/owl/EVS/Thesaurus.owl#C37359,http://www.w3.org/2000/01/rdf-schema#subClassOf,http://ncicb.nci.nih.gov/xml/owl/EVS/Thesaurus.owl#C14421,http://ncicb.nci.nih.gov/xml/owl/EVS/Thesaurus.owl#C8765,0.0
http://ncicb.nci.nih.gov/xml/owl/EVS/Thesaurus.owl#C134126,http://www.w3.org/2000/01/rdf-schema#subClassOf,http://ncicb.nci.nih.gov/xml/owl/EVS/Thesaurus.owl#C134125,http://ncicb.nci.nih.gov/xml/owl/EVS/Thesaurus.owl#C139827,0.0
http://ncicb.nci.nih.gov/xml/owl/EVS/Thesaurus.owl#C30044,http://www.w3.org/2000/01/rdf-schema#subClassOf,http://ncicb.nci.nih.gov/xml/owl/EVS/Thesaurus.owl#C30036,http://ncicb.nci.nih.gov/xml/owl/EVS/Thesaurus.owl#C5969,0.0
http://ncicb.nci.nih.gov/xml/owl/EVS/Thesaurus.owl#C21990,http://www.w3.org/2000/01/rdf-schema#subClassOf,http://ncicb.nci.nih.gov/xml/owl/EVS/Thesaurus.owl#C21987,http://ncicb.nci.nih.gov/xml/owl/EVS/Thesaurus.owl#C9105,0.0
http://ncicb.nci.nih.gov/xml/owl/EVS/Thesaurus.owl#C128049,http://www.w3.org/2000/01/rdf-schema#subClassOf,http://ncicb.nci.nih.gov/xml/owl/EVS/Thesaurus.owl#C5385,http://ncicb.nci.nih.gov/xml/owl/EVS/Thesaurus.owl#C2923,0.0
http://ncicb.nci.nih.gov/xml/owl/EVS/Thesaurus.owl#C153804,http://www.w3.org/2000/01/rdf-schema#subClassOf,http://ncicb.nci.nih.gov/xml/owl/EVS/Thesaurus.owl#C153800,http://ncicb.nci.nih.gov/xml/owl/EVS/Thesaurus.owl#C34853,0.0
http://ncicb.nci.nih.gov/xml/owl/EVS/Thesaurus.owl#C156037,http://www.w3.org/2000/01/rdf-schema#subClassOf,http://ncicb.nci.nih.gov/xml/owl/EVS/Thesaurus.owl#C4047,http://ncicb.nci.nih.gov/xml/owl/EVS/Thesaurus.owl#C190413,0.0
http://ncicb.nci.nih.gov/xml/owl/EVS/Thesaurus.owl#C8686,http://www.w3.org/2000/01/rdf-schema#subClassOf,http://ncicb.nci.nih.gov/xml/owl/EVS/Thesaurus.owl#C115439,http://ncicb.nci.nih.gov/xml/owl/EVS/Thesaurus.owl#C8345,0.0
http://ncicb.nci.nih.gov/xml/owl/EVS/Thesaurus.owl#C115118,http://www.w3.org/2000/01/rdf-schema#subClassOf,http://ncicb.nci.nih.gov/xml/owl/EVS/Thesaurus.owl#C89793,http://ncicb.nci.nih.gov/xml/owl/EVS/Thesaurus.owl#C41038,0.0
http://ncicb.nci.nih.gov/xml/owl/EVS/Thesaurus.owl#C6342,http://www.w3.org/2000/01/rdf-schema#subClassOf,http://ncicb.nci.nih.gov/xml/owl/EVS/Thesaurus.owl#C3607,http://ncicb.nci.nih.gov/xml/owl/EVS/Thesaurus.owl#C9252,0.0
http://ncicb.nci.nih.gov/xml/owl/EVS/Thesaurus.owl#C146661,http://www.w3.org/2000/01/rdf-schema#subClassOf,http://ncicb.nci.nih.gov/xml/owl/EVS/Thesaurus.owl#C190646,http://ncicb.nci.nih.gov/xml/owl/EVS/Thesaurus.owl#C136934,0.0
http://ncicb.nci.nih.gov/xml/owl/EVS/Thesaurus.owl#C139623,http://www.w3.org/2000/01/rdf-schema#subClassOf,http://ncicb.nci.nih.gov/xml/owl/EVS/Thesaurus.owl#C139618,http://ncicb.nci.nih.gov/xml/owl/EVS/Thesaurus.owl#C60483,0.0
http://ncicb.nci.nih.gov/xml/owl/EVS/Thesaurus.owl#C111625,http://www.w3.org/2000/01/rdf-schema#subClassOf,http://ncicb.nci.nih.gov/xml/owl/EVS/Thesaurus.owl#C173346,http://ncicb.nci.nih.gov/xml/owl/EVS/Thesaurus.owl#C5266,0.0
http://ncicb.nci.nih.gov/xml/owl/EVS/Thesaurus.owl#C41024,http://www.w3.org/2000/01/rdf-schema#subClassOf,http://ncicb.nci.nih.gov/xml/owl/EVS/Thesaurus.owl#C41034,http://ncicb.nci.nih.gov/xml/owl/EVS/Thesaurus.owl#C24153,0.0
http://ncicb.nci.nih.gov/xml/owl/EVS/Thesaurus.owl#C3927,http://www.w3.org/2000/01/rdf-schema#subClassOf,http://ncicb.nci.nih.gov/xml/owl/EVS/Thesaurus.owl#C4488,http://ncicb.nci.nih.gov/xml/owl/EVS/Thesaurus.owl#C87179,0.0
http://ncicb.nci.nih.gov/xml/owl/EVS/Thesaurus.owl#C22161,http://www.w3.org/2000/01/rdf-schema#subClassOf,http://ncicb.nci.nih.gov/xml/owl/EVS/Thesaurus.owl#C22151,http://ncicb.nci.nih.gov/xml/owl/EVS/Thesaurus.owl#C21906,0.0
http://ncicb.nci.nih.gov/xml/owl/EVS/Thesaurus.owl#C175216,http://www.w3.org/2000/01/rdf-schema#subClassOf,http://ncicb.nci.nih.gov/xml/owl/EVS/Thesaurus.owl#C156699,http://ncicb.nci.nih.gov/xml/owl/EVS/Thesaurus.owl#C36229,0.0
http://ncicb.nci.nih.gov/xml/owl/EVS/Thesaurus.owl#C7858,http://www.w3.org/2000/01/rdf-schema#subClassOf,http://ncicb.nci.nih.gov/xml/owl/EVS/Thesaurus.owl#C91204,http://ncicb.nci.nih.gov/xml/owl/EVS/Thesaurus.owl#C141263,0.0
http://ncicb.nci.nih.gov/xml/owl/EVS/Thesaurus.owl#C156089,http://www.w3.org/2000/01/rdf-schema#subClassOf,http://ncicb.nci.nih.gov/xml/owl/EVS/Thesaurus.owl#C156087,http://ncicb.nci.nih.gov/xml/owl/EVS/Thesaurus.owl#C134902,0.0
http://ncicb.nci.nih.gov/xml/owl/EVS/Thesaurus.owl#C40306,http://www.w3.org/2000/01/rdf-schema#subClassOf,http://ncicb.nci.nih.gov/xml/owl/EVS/Thesaurus.owl#C5560,http://ncicb.nci.nih.gov/xml/owl/EVS/Thesaurus.owl#C7688,0.0
http://ncicb.nci.nih.gov/xml/owl/EVS/Thesaurus.owl#C8928,http://www.w3.org/2000/01/rdf-schema#subClassOf,http://ncicb.nci.nih.gov/xml/owl/EVS/Thesaurus.owl#C141263,http://ncicb.nci.nih.gov/xml/owl/EVS/Thesaurus.owl#C153801,0.0
http://ncicb.nci.nih.gov/xml/owl/EVS/Thesaurus.owl#C136786,http://www.w3.org/2000/01/rdf-schema#subClassOf,http://ncicb.nci.nih.gov/xml/owl/EVS/Thesaurus.owl#C136769,http://ncicb.nci.nih.gov/xml/owl/EVS/Thesaurus.owl#C115073,0.0
http://ncicb.nci.nih.gov/xml/owl/EVS/Thesaurus.owl#C154333,http://www.w3.org/2000/01/rdf-schema#subClassOf,http://ncicb.nci.nih.gov/xml/owl/EVS/Thesaurus.owl#C4340,http://ncicb.nci.nih.gov/xml/owl/EVS/Thesaurus.owl#C5064,0.0
http://ncicb.nci.nih.gov/xml/owl/EVS/Thesaurus.owl#C89551,http://www.w3.org/2000/01/rdf-schema#subClassOf,http://ncicb.nci.nih.gov/xml/owl/EVS/Thesaurus.owl#C91208,http://ncicb.nci.nih.gov/xml/owl/EVS/Thesaurus.owl#C128085,0.0
http://ncicb.nci.nih.gov/xml/owl/EVS/Thesaurus.owl#C33903,http://www.w3.org/2000/01/rdf-schema#subClassOf,http://ncicb.nci.nih.gov/xml/owl/EVS/Thesaurus.owl#C30037,http://ncicb.nci.nih.gov/xml/owl/EVS/Thesaurus.owl#C136924,0.0
http://ncicb.nci.nih.gov/xml/owl/EVS/Thesaurus.owl#C107203,http://www.w3.org/2000/01/rdf-schema#subClassOf,http://ncicb.nci.nih.gov/xml/owl/EVS/Thesaurus.owl#C173350,http://ncicb.nci.nih.gov/xml/owl/EVS/Thesaurus.owl#C27161,0.0
http://ncicb.nci.nih.gov/xml/owl/EVS/Thesaurus.owl#C8150,http://www.w3.org/2000/01/rdf-schema#subClassOf,http://ncicb.nci.nih.gov/xml/owl/EVS/Thesaurus.owl#C8105,http://ncicb.nci.nih.gov/xml/owl/EVS/Thesaurus.owl#C89910,0.0
http://ncicb.nci.nih.gov/xml/owl/EVS/Thesaurus.owl#C89912,http://www.w3.org/2000/01/rdf-schema#subClassOf,http://ncicb.nci.nih.gov/xml/owl/EVS/Thesaurus.owl#C89910,http://ncicb.nci.nih.gov/xml/owl/EVS/Thesaurus.owl#C136897,0.0
http://ncicb.nci.nih.gov/xml/owl/EVS/Thesaurus.owl#C5087,http://www.w3.org/2000/01/rdf-schema#subClassOf,http://ncicb.nci.nih.gov/xml/owl/EVS/Thesaurus.owl#C68682,http://ncicb.nci.nih.gov/xml/owl/EVS/Thesaurus.owl#C157068,0.0
http://ncicb.nci.nih.gov/xml/owl/EVS/Thesaurus.owl#C133451,http://www.w3.org/2000/01/rdf-schema#subClassOf,http://ncicb.nci.nih.gov/xml/owl/EVS/Thesaurus.owl#C133444,http://ncicb.nci.nih.gov/xml/owl/EVS/Thesaurus.owl#C40003,0.0
http://ncicb.nci.nih.gov/xml/owl/EVS/Thesaurus.owl#C76183,http://www.w3.org/2000/01/rdf-schema#subClassOf,http://ncicb.nci.nih.gov/xml/owl/EVS/Thesaurus.owl#C14421,http://ncicb.nci.nih.gov/xml/owl/EVS/Thesaurus.owl#C60866,0.0
http://ncicb.nci.nih.gov/xml/owl/EVS/Thesaurus.owl#C23085,http://www.w3.org/2000/01/rdf-schema#subClassOf,http://ncicb.nci.nih.gov/xml/owl/EVS/Thesaurus.owl#C23084,http://ncicb.nci.nih.gov/xml/owl/EVS/Thesaurus.owl#C8274,0.0
http://ncicb.nci.nih.gov/xml/owl/EVS/Thesaurus.owl#C186453,http://www.w3.org/2000/01/rdf-schema#subClassOf,http://ncicb.nci.nih.gov/xml/owl/EVS/Thesaurus.owl#C126353,http://ncicb.nci.nih.gov/xml/owl/EVS/Thesaurus.owl#C5064,0.0
http://ncicb.nci.nih.gov/xml/owl/EVS/Thesaurus.owl#C126228,http://www.w3.org/2000/01/rdf-schema#subClassOf,http://ncicb.nci.nih.gov/xml/owl/EVS/Thesaurus.owl#C126225,http://ncicb.nci.nih.gov/xml/owl/EVS/Thesaurus.owl#C8860,0.0
http://ncicb.nci.nih.gov/xml/owl/EVS/Thesaurus.owl#C172491,http://www.w3.org/2000/01/rdf-schema#subClassOf,http://ncicb.nci.nih.gov/xml/owl/EVS/Thesaurus.owl#C74690,http://ncicb.nci.nih.gov/xml/owl/EVS/Thesaurus.owl#C134902,0.0
http://ncicb.nci.nih.gov/xml/owl/EVS/Thesaurus.owl#C125403,http://www.w3.org/2000/01/rdf-schema#subClassOf,http://ncicb.nci.nih.gov/xml/owl/EVS/Thesaurus.owl#C173393,http://ncicb.nci.nih.gov/xml/owl/EVS/Thesaurus.owl#C172314,0.0
http://ncicb.nci.nih.gov/xml/owl/EVS/Thesaurus.owl#C6611,http://www.w3.org/2000/01/rdf-schema#subClassOf,http://ncicb.nci.nih.gov/xml/owl/EVS/Thesaurus.owl#C6710,http://ncicb.nci.nih.gov/xml/owl/EVS/Thesaurus.owl#C156088,0.0
http://ncicb.nci.nih.gov/xml/owl/EVS/Thesaurus.owl#C134055,http://www.w3.org/2000/01/rdf-schema#subClassOf,http://ncicb.nci.nih.gov/xml/owl/EVS/Thesaurus.owl#C134054,http://ncicb.nci.nih.gov/xml/owl/EVS/Thesaurus.owl#C13372,0.0
http://ncicb.nci.nih.gov/xml/owl/EVS/Thesaurus.owl#C140237,http://www.w3.org/2000/01/rdf-schema#subClassOf,http://ncicb.nci.nih.gov/xml/owl/EVS/Thesaurus.owl#C140225,http://ncicb.nci.nih.gov/xml/owl/EVS/Thesaurus.owl#C96162,0.0
http://ncicb.nci.nih.gov/xml/owl/EVS/Thesaurus.owl#C126111,http://www.w3.org/2000/01/rdf-schema#subClassOf,http://ncicb.nci.nih.gov/xml/owl/EVS/Thesaurus.owl#C4673,http://ncicb.nci.nih.gov/xml/owl/EVS/Thesaurus.owl#C9007,0.0
http://ncicb.nci.nih.gov/xml/owl/EVS/Thesaurus.owl#C133454,http://www.w3.org/2000/01/rdf-schema#subClassOf,http://ncicb.nci.nih.gov/xml/owl/EVS/Thesaurus.owl#C133446,http://ncicb.nci.nih.gov/xml/owl/EVS/Thesaurus.owl#C171612,0.0
http://ncicb.nci.nih.gov/xml/owl/EVS/Thesaurus.owl#C37402,http://www.w3.org/2000/01/rdf-schema#subClassOf,http://ncicb.nci.nih.gov/xml/owl/EVS/Thesaurus.owl#C14421,http://ncicb.nci.nih.gov/xml/owl/EVS/Thesaurus.owl#C115060,0.0
http://ncicb.nci.nih.gov/xml/owl/EVS/Thesaurus.owl#C125669,http://www.w3.org/2000/01/rdf-schema#subClassOf,http://ncicb.nci.nih.gov/xml/owl/EVS/Thesaurus.owl#C173346,http://ncicb.nci.nih.gov/xml/owl/EVS/Thesaurus.owl#C115443,0.0
http://ncicb.nci.nih.gov/xml/owl/EVS/Thesaurus.owl#C107392,http://www.w3.org/2000/01/rdf-schema#subClassOf,http://ncicb.nci.nih.gov/xml/owl/EVS/Thesaurus.owl#C173346,http://ncicb.nci.nih.gov/xml/owl/EVS/Thesaurus.owl#C21992,0.0
http://ncicb.nci.nih.gov/xml/owl/EVS/Thesaurus.owl#C150519,http://www.w3.org/2000/01/rdf-schema#subClassOf,http://ncicb.nci.nih.gov/xml/owl/EVS/Thesaurus.owl#C8254,http://ncicb.nci.nih.gov/xml/owl/EVS/Thesaurus.owl#C162117,0.0
http://ncicb.nci.nih.gov/xml/owl/EVS/Thesaurus.owl#C136502,http://www.w3.org/2000/01/rdf-schema#subClassOf,http://ncicb.nci.nih.gov/xml/owl/EVS/Thesaurus.owl#C113180,http://ncicb.nci.nih.gov/xml/owl/EVS/Thesaurus.owl#C39819,0.0
http://ncicb.nci.nih.gov/xml/owl/EVS/Thesaurus.owl#C89604,http://www.w3.org/2000/01/rdf-schema#subClassOf,http://ncicb.nci.nih.gov/xml/owl/EVS/Thesaurus.owl#C89603,http://ncicb.nci.nih.gov/xml/owl/EVS/Thesaurus.owl#C54727,0.0
http://ncicb.nci.nih.gov/xml/owl/EVS/Thesaurus.owl#C134525,http://www.w3.org/2000/01/rdf-schema#subClassOf,http://ncicb.nci.nih.gov/xml/owl/EVS/Thesaurus.owl#C134523,http://ncicb.nci.nih.gov/xml/owl/EVS/Thesaurus.owl#C27131,0.0
http://ncicb.nci.nih.gov/xml/owl/EVS/Thesaurus.owl#C5015,http://www.w3.org/2000/01/rdf-schema#subClassOf,http://ncicb.nci.nih.gov/xml/owl/EVS/Thesaurus.owl#C8514,http://ncicb.nci.nih.gov/xml/owl/EVS/Thesaurus.owl#C139857,0.0
http://ncicb.nci.nih.gov/xml/owl/EVS/Thesaurus.owl#C184572,http://www.w3.org/2000/01/rdf-schema#subClassOf,http://ncicb.nci.nih.gov/xml/owl/EVS/Thesaurus.owl#C74697,http://ncicb.nci.nih.gov/xml/owl/EVS/Thesaurus.owl#C17096,0.0
http://ncicb.nci.nih.gov/xml/owl/EVS/Thesaurus.owl#C115144,http://www.w3.org/2000/01/rdf-schema#subClassOf,http://ncicb.nci.nih.gov/xml/owl/EVS/Thesaurus.owl#C115138,http://ncicb.nci.nih.gov/xml/owl/EVS/Thesaurus.owl#C9049,0.0
http://ncicb.nci.nih.gov/xml/owl/EVS/Thesaurus.owl#C129277,http://www.w3.org/2000/01/rdf-schema#subClassOf,http://ncicb.nci.nih.gov/xml/owl/EVS/Thesaurus.owl#C185185,http://ncicb.nci.nih.gov/xml/owl/EVS/Thesaurus.owl#C173685,0.0
http://ncicb.nci.nih.gov/xml/owl/EVS/Thesaurus.owl#C107177,http://www.w3.org/2000/01/rdf-schema#subClassOf,http://ncicb.nci.nih.gov/xml/owl/EVS/Thesaurus.owl#C173351,http://ncicb.nci.nih.gov/xml/owl/EVS/Thesaurus.owl#C5884,0.0
http://ncicb.nci.nih.gov/xml/owl/EVS/Thesaurus.owl#C128092,http://www.w3.org/2000/01/rdf-schema#subClassOf,http://ncicb.nci.nih.gov/xml/owl/EVS/Thesaurus.owl#C128086,http://ncicb.nci.nih.gov/xml/owl/EVS/Thesaurus.owl#C185069,0.0
http://ncicb.nci.nih.gov/xml/owl/EVS/Thesaurus.owl#C156132,http://www.w3.org/2000/01/rdf-schema#subClassOf,http://ncicb.nci.nih.gov/xml/owl/EVS/Thesaurus.owl#C173346,http://ncicb.nci.nih.gov/xml/owl/EVS/Thesaurus.owl#C8764,0.0
http://ncicb.nci.nih.gov/xml/owl/EVS/Thesaurus.owl#C160296,http://www.w3.org/2000/01/rdf-schema#subClassOf,http://ncicb.nci.nih.gov/xml/owl/EVS/Thesaurus.owl#C192798,http://ncicb.nci.nih.gov/xml/owl/EVS/Thesaurus.owl#C189303,0.0
http://ncicb.nci.nih.gov/xml/owl/EVS/Thesaurus.owl#C89598,http://www.w3.org/2000/01/rdf-schema#subClassOf,http://ncicb.nci.nih.gov/xml/owl/EVS/Thesaurus.owl#C89596,http://ncicb.nci.nih.gov/xml/owl/EVS/Thesaurus.owl#C53556,0.0
http://ncicb.nci.nih.gov/xml/owl/EVS/Thesaurus.owl#C162245,http://www.w3.org/2000/01/rdf-schema#subClassOf,http://ncicb.nci.nih.gov/xml/owl/EVS/Thesaurus.owl#C162225,http://ncicb.nci.nih.gov/xml/owl/EVS/Thesaurus.owl#C168994,0.0
http://ncicb.nci.nih.gov/xml/owl/EVS/Thesaurus.owl#C8478,http://www.w3.org/2000/01/rdf-schema#subClassOf,http://ncicb.nci.nih.gov/xml/owl/EVS/Thesaurus.owl#C68688,http://ncicb.nci.nih.gov/xml/owl/EVS/Thesaurus.owl#C137666,0.0
http://ncicb.nci.nih.gov/xml/owl/EVS/Thesaurus.owl#C136814,http://www.w3.org/2000/01/rdf-schema#subClassOf,http://ncicb.nci.nih.gov/xml/owl/EVS/Thesaurus.owl#C136812,http://ncicb.nci.nih.gov/xml/owl/EVS/Thesaurus.owl#C141261,0.0
http://ncicb.nci.nih.gov/xml/owl/EVS/Thesaurus.owl#C6680,http://www.w3.org/2000/01/rdf-schema#subClassOf,http://ncicb.nci.nih.gov/xml/owl/EVS/Thesaurus.owl#C7853,http://ncicb.nci.nih.gov/xml/owl/EVS/Thesaurus.owl#C191855,0.0
http://ncicb.nci.nih.gov/xml/owl/EVS/Thesaurus.owl#C158936,http://www.w3.org/2000/01/rdf-schema#subClassOf,http://ncicb.nci.nih.gov/xml/owl/EVS/Thesaurus.owl#C158847,http://ncicb.nci.nih.gov/xml/owl/EVS/Thesaurus.owl#C89603,0.0
http://ncicb.nci.nih.gov/xml/owl/EVS/Thesaurus.owl#C156722,http://www.w3.org/2000/01/rdf-schema#subClassOf,http://ncicb.nci.nih.gov/xml/owl/EVS/Thesaurus.owl#C7318,http://ncicb.nci.nih.gov/xml/owl/EVS/Thesaurus.owl#C7191,0.0
http://ncicb.nci.nih.gov/xml/owl/EVS/Thesaurus.owl#C8759,http://www.w3.org/2000/01/rdf-schema#subClassOf,http://ncicb.nci.nih.gov/xml/owl/EVS/Thesaurus.owl#C136490,http://ncicb.nci.nih.gov/xml/owl/EVS/Thesaurus.owl#C40009,0.0
http://ncicb.nci.nih.gov/xml/owl/EVS/Thesaurus.owl#C134873,http://www.w3.org/2000/01/rdf-schema#subClassOf,http://ncicb.nci.nih.gov/xml/owl/EVS/Thesaurus.owl#C134872,http://ncicb.nci.nih.gov/xml/owl/EVS/Thesaurus.owl#C8105,0.0
http://ncicb.nci.nih.gov/xml/owl/EVS/Thesaurus.owl#C89091,http://www.w3.org/2000/01/rdf-schema#subClassOf,http://ncicb.nci.nih.gov/xml/owl/EVS/Thesaurus.owl#C91256,http://ncicb.nci.nih.gov/xml/owl/EVS/Thesaurus.owl#C5012,0.0
http://ncicb.nci.nih.gov/xml/owl/EVS/Thesaurus.owl#C7519,http://www.w3.org/2000/01/rdf-schema#subClassOf,http://ncicb.nci.nih.gov/xml/owl/EVS/Thesaurus.owl#C140376,http://ncicb.nci.nih.gov/xml/owl/EVS/Thesaurus.owl#C54688,0.0
http://ncicb.nci.nih.gov/xml/owl/EVS/Thesaurus.owl#C180337,http://www.w3.org/2000/01/rdf-schema#subClassOf,http://ncicb.nci.nih.gov/xml/owl/EVS/Thesaurus.owl#C159676,http://ncicb.nci.nih.gov/xml/owl/EVS/Thesaurus.owl#C153590,0.0
http://ncicb.nci.nih.gov/xml/owl/EVS/Thesaurus.owl#C96504,http://www.w3.org/2000/01/rdf-schema#subClassOf,http://ncicb.nci.nih.gov/xml/owl/EVS/Thesaurus.owl#C96503,http://ncicb.nci.nih.gov/xml/owl/EVS/Thesaurus.owl#C130177,0.0
http://ncicb.nci.nih.gov/xml/owl/EVS/Thesaurus.owl#C137668,http://www.w3.org/2000/01/rdf-schema#subClassOf,http://ncicb.nci.nih.gov/xml/owl/EVS/Thesaurus.owl#C137666,http://ncicb.nci.nih.gov/xml/owl/EVS/Thesaurus.owl#C34645,0.0
http://ncicb.nci.nih.gov/xml/owl/EVS/Thesaurus.owl#C37318,http://www.w3.org/2000/01/rdf-schema#subClassOf,http://ncicb.nci.nih.gov/xml/owl/EVS/Thesaurus.owl#C14421,http://ncicb.nci.nih.gov/xml/owl/EVS/Thesaurus.owl#C6678,0.0
http://ncicb.nci.nih.gov/xml/owl/EVS/Thesaurus.owl#C27250,http://www.w3.org/2000/01/rdf-schema#subClassOf,http://ncicb.nci.nih.gov/xml/owl/EVS/Thesaurus.owl#C3608,http://ncicb.nci.nih.gov/xml/owl/EVS/Thesaurus.owl#C139291,0.0
http://ncicb.nci.nih.gov/xml/owl/EVS/Thesaurus.owl#C101542,http://www.w3.org/2000/01/rdf-schema#subClassOf,http://ncicb.nci.nih.gov/xml/owl/EVS/Thesaurus.owl#C87544,http://ncicb.nci.nih.gov/xml/owl/EVS/Thesaurus.owl#C4298,0.0
http://ncicb.nci.nih.gov/xml/owl/EVS/Thesaurus.owl#C158932,http://www.w3.org/2000/01/rdf-schema#subClassOf,http://ncicb.nci.nih.gov/xml/owl/EVS/Thesaurus.owl#C158847,http://ncicb.nci.nih.gov/xml/owl/EVS/Thesaurus.owl#C9062,0.0
http://ncicb.nci.nih.gov/xml/owl/EVS/Thesaurus.owl#C133459,http://www.w3.org/2000/01/rdf-schema#subClassOf,http://ncicb.nci.nih.gov/xml/owl/EVS/Thesaurus.owl#C133446,http://ncicb.nci.nih.gov/xml/owl/EVS/Thesaurus.owl#C171021,0.0
http://ncicb.nci.nih.gov/xml/owl/EVS/Thesaurus.owl#C133659,http://www.w3.org/2000/01/rdf-schema#subClassOf,http://ncicb.nci.nih.gov/xml/owl/EVS/Thesaurus.owl#C133640,http://ncicb.nci.nih.gov/xml/owl/EVS/Thesaurus.owl#C40183,0.0
http://ncicb.nci.nih.gov/xml/owl/EVS/Thesaurus.owl#C5471,http://www.w3.org/2000/01/rdf-schema#subClassOf,http://ncicb.nci.nih.gov/xml/owl/EVS/Thesaurus.owl#C89860,http://ncicb.nci.nih.gov/xml/owl/EVS/Thesaurus.owl#C39997,0.0
http://ncicb.nci.nih.gov/xml/owl/EVS/Thesaurus.owl#C172648,http://www.w3.org/2000/01/rdf-schema#subClassOf,http://ncicb.nci.nih.gov/xml/owl/EVS/Thesaurus.owl#C176513,http://ncicb.nci.nih.gov/xml/owl/EVS/Thesaurus.owl#C7778,0.0
http://ncicb.nci.nih.gov/xml/owl/EVS/Thesaurus.owl#C96629,http://www.w3.org/2000/01/rdf-schema#subClassOf,http://ncicb.nci.nih.gov/xml/owl/EVS/Thesaurus.owl#C74852,http://ncicb.nci.nih.gov/xml/owl/EVS/Thesaurus.owl#C130234,0.0
http://ncicb.nci.nih.gov/xml/owl/EVS/Thesaurus.owl#C150515,http://www.w3.org/2000/01/rdf-schema#subClassOf,http://ncicb.nci.nih.gov/xml/owl/EVS/Thesaurus.owl#C4830,http://ncicb.nci.nih.gov/xml/owl/EVS/Thesaurus.owl#C74856,0.0
http://ncicb.nci.nih.gov/xml/owl/EVS/Thesaurus.owl#C172241,http://www.w3.org/2000/01/rdf-schema#subClassOf,http://ncicb.nci.nih.gov/xml/owl/EVS/Thesaurus.owl#C7892,http://ncicb.nci.nih.gov/xml/owl/EVS/Thesaurus.owl#C35213,0.0
http://ncicb.nci.nih.gov/xml/owl/EVS/Thesaurus.owl#C37391,http://www.w3.org/2000/01/rdf-schema#subClassOf,http://ncicb.nci.nih.gov/xml/owl/EVS/Thesaurus.owl#C14421,http://ncicb.nci.nih.gov/xml/owl/EVS/Thesaurus.owl#C39829,0.0
http://ncicb.nci.nih.gov/xml/owl/EVS/Thesaurus.owl#C135064,http://www.w3.org/2000/01/rdf-schema#subClassOf,http://ncicb.nci.nih.gov/xml/owl/EVS/Thesaurus.owl#C135061,http://ncicb.nci.nih.gov/xml/owl/EVS/Thesaurus.owl#C63321,0.0
http://ncicb.nci.nih.gov/xml/owl/EVS/Thesaurus.owl#C175515,http://www.w3.org/2000/01/rdf-schema#subClassOf,http://ncicb.nci.nih.gov/xml/owl/EVS/Thesaurus.owl#C153357,http://ncicb.nci.nih.gov/xml/owl/EVS/Thesaurus.owl#C165458,0.0
http://ncicb.nci.nih.gov/xml/owl/EVS/Thesaurus.owl#C186620,http://www.w3.org/2000/01/rdf-schema#subClassOf,http://ncicb.nci.nih.gov/xml/owl/EVS/Thesaurus.owl#C186619,http://ncicb.nci.nih.gov/xml/owl/EVS/Thesaurus.owl#C8035,0.0
http://ncicb.nci.nih.gov/xml/owl/EVS/Thesaurus.owl#C123064,http://www.w3.org/2000/01/rdf-schema#subClassOf,http://ncicb.nci.nih.gov/xml/owl/EVS/Thesaurus.owl#C34645,http://ncicb.nci.nih.gov/xml/owl/EVS/Thesaurus.owl#C160933,0.0
http://ncicb.nci.nih.gov/xml/owl/EVS/Thesaurus.owl#C24212,http://www.w3.org/2000/01/rdf-schema#subClassOf,http://ncicb.nci.nih.gov/xml/owl/EVS/Thesaurus.owl#C24211,http://ncicb.nci.nih.gov/xml/owl/EVS/Thesaurus.owl#C8766,0.0
http://ncicb.nci.nih.gov/xml/owl/EVS/Thesaurus.owl#C140524,http://www.w3.org/2000/01/rdf-schema#subClassOf,http://ncicb.nci.nih.gov/xml/owl/EVS/Thesaurus.owl#C140522,http://ncicb.nci.nih.gov/xml/owl/EVS/Thesaurus.owl#C89910,0.0
http://ncicb.nci.nih.gov/xml/owl/EVS/Thesaurus.owl#C168543,http://www.w3.org/2000/01/rdf-schema#subClassOf,http://ncicb.nci.nih.gov/xml/owl/EVS/Thesaurus.owl#C191983,http://ncicb.nci.nih.gov/xml/owl/EVS/Thesaurus.owl#C24219,0.0
http://ncicb.nci.nih.gov/xml/owl/EVS/Thesaurus.owl#C155934,http://www.w3.org/2000/01/rdf-schema#subClassOf,http://ncicb.nci.nih.gov/xml/owl/EVS/Thesaurus.owl#C191983,http://ncicb.nci.nih.gov/xml/owl/EVS/Thesaurus.owl#C89795,0.0
http://ncicb.nci.nih.gov/xml/owl/EVS/Thesaurus.owl#C133379,http://www.w3.org/2000/01/rdf-schema#subClassOf,http://ncicb.nci.nih.gov/xml/owl/EVS/Thesaurus.owl#C133377,http://ncicb.nci.nih.gov/xml/owl/EVS/Thesaurus.owl#C8345,0.0
http://ncicb.nci.nih.gov/xml/owl/EVS/Thesaurus.owl#C135078,http://www.w3.org/2000/01/rdf-schema#subClassOf,http://ncicb.nci.nih.gov/xml/owl/EVS/Thesaurus.owl#C135075,http://ncicb.nci.nih.gov/xml/owl/EVS/Thesaurus.owl#C3556,0.0
http://ncicb.nci.nih.gov/xml/owl/EVS/Thesaurus.owl#C133448,http://www.w3.org/2000/01/rdf-schema#subClassOf,http://ncicb.nci.nih.gov/xml/owl/EVS/Thesaurus.owl#C133444,http://ncicb.nci.nih.gov/xml/owl/EVS/Thesaurus.owl#C5883,0.0
http://ncicb.nci.nih.gov/xml/owl/EVS/Thesaurus.owl#C173694,http://www.w3.org/2000/01/rdf-schema#subClassOf,http://ncicb.nci.nih.gov/xml/owl/EVS/Thesaurus.owl#C170784,http://ncicb.nci.nih.gov/xml/owl/EVS/Thesaurus.owl#C23113,0.0
http://ncicb.nci.nih.gov/xml/owl/EVS/Thesaurus.owl#C160232,http://www.w3.org/2000/01/rdf-schema#subClassOf,http://ncicb.nci.nih.gov/xml/owl/EVS/Thesaurus.owl#C158149,http://ncicb.nci.nih.gov/xml/owl/EVS/Thesaurus.owl#C54287,0.0
http://ncicb.nci.nih.gov/xml/owl/EVS/Thesaurus.owl#C14545,http://www.w3.org/2000/01/rdf-schema#subClassOf,http://ncicb.nci.nih.gov/xml/owl/EVS/Thesaurus.owl#C14421,http://ncicb.nci.nih.gov/xml/owl/EVS/Thesaurus.owl#C141171,0.0
http://ncicb.nci.nih.gov/xml/owl/EVS/Thesaurus.owl#C125035,http://www.w3.org/2000/01/rdf-schema#subClassOf,http://ncicb.nci.nih.gov/xml/owl/EVS/Thesaurus.owl#C173346,http://ncicb.nci.nih.gov/xml/owl/EVS/Thesaurus.owl#C139945,0.0
http://ncicb.nci.nih.gov/xml/owl/EVS/Thesaurus.owl#C140517,http://www.w3.org/2000/01/rdf-schema#subClassOf,http://ncicb.nci.nih.gov/xml/owl/EVS/Thesaurus.owl#C140516,http://ncicb.nci.nih.gov/xml/owl/EVS/Thesaurus.owl#C162116,0.0
http://ncicb.nci.nih.gov/xml/owl/EVS/Thesaurus.owl#C181610,http://www.w3.org/2000/01/rdf-schema#subClassOf,http://ncicb.nci.nih.gov/xml/owl/EVS/Thesaurus.owl#C181609,http://ncicb.nci.nih.gov/xml/owl/EVS/Thesaurus.owl#C140163,0.0
http://ncicb.nci.nih.gov/xml/owl/EVS/Thesaurus.owl#C8761,http://www.w3.org/2000/01/rdf-schema#subClassOf,http://ncicb.nci.nih.gov/xml/owl/EVS/Thesaurus.owl#C7778,http://ncicb.nci.nih.gov/xml/owl/EVS/Thesaurus.owl#C67563,0.0
http://ncicb.nci.nih.gov/xml/owl/EVS/Thesaurus.owl#C22023,http://www.w3.org/2000/01/rdf-schema#subClassOf,http://ncicb.nci.nih.gov/xml/owl/EVS/Thesaurus.owl#C22013,http://ncicb.nci.nih.gov/xml/owl/EVS/Thesaurus.owl#C6710,0.0
http://ncicb.nci.nih.gov/xml/owl/EVS/Thesaurus.owl#C5284,http://www.w3.org/2000/01/rdf-schema#subClassOf,http://ncicb.nci.nih.gov/xml/owl/EVS/Thesaurus.owl#C6776,http://ncicb.nci.nih.gov/xml/owl/EVS/Thesaurus.owl#C5128,0.0
http://ncicb.nci.nih.gov/xml/owl/EVS/Thesaurus.owl#C115060,http://www.w3.org/2000/01/rdf-schema#subClassOf,http://ncicb.nci.nih.gov/xml/owl/EVS/Thesaurus.owl#C8036,http://ncicb.nci.nih.gov/xml/owl/EVS/Thesaurus.owl#C157068,0.0
http://ncicb.nci.nih.gov/xml/owl/EVS/Thesaurus.owl#C9464,http://www.w3.org/2000/01/rdf-schema#subClassOf,http://ncicb.nci.nih.gov/xml/owl/EVS/Thesaurus.owl#C7264,http://ncicb.nci.nih.gov/xml/owl/EVS/Thesaurus.owl#C140966,0.0
http://ncicb.nci.nih.gov/xml/owl/EVS/Thesaurus.owl#C14476,http://www.w3.org/2000/01/rdf-schema#subClassOf,http://ncicb.nci.nih.gov/xml/owl/EVS/Thesaurus.owl#C14421,http://ncicb.nci.nih.gov/xml/owl/EVS/Thesaurus.owl#C4298,0.0
http://ncicb.nci.nih.gov/xml/owl/EVS/Thesaurus.owl#C119955,http://www.w3.org/2000/01/rdf-schema#subClassOf,http://ncicb.nci.nih.gov/xml/owl/EVS/Thesaurus.owl#C173346,http://ncicb.nci.nih.gov/xml/owl/EVS/Thesaurus.owl#C173734,0.0
http://ncicb.nci.nih.gov/xml/owl/EVS/Thesaurus.owl#C4523,http://www.w3.org/2000/01/rdf-schema#subClassOf,http://ncicb.nci.nih.gov/xml/owl/EVS/Thesaurus.owl#C140241,http://ncicb.nci.nih.gov/xml/owl/EVS/Thesaurus.owl#C90509,0.0
http://ncicb.nci.nih.gov/xml/owl/EVS/Thesaurus.owl#C139969,http://www.w3.org/2000/01/rdf-schema#subClassOf,http://ncicb.nci.nih.gov/xml/owl/EVS/Thesaurus.owl#C139968,http://ncicb.nci.nih.gov/xml/owl/EVS/Thesaurus.owl#C137666,0.0
http://ncicb.nci.nih.gov/xml/owl/EVS/Thesaurus.owl#C140983,http://www.w3.org/2000/01/rdf-schema#subClassOf,http://ncicb.nci.nih.gov/xml/owl/EVS/Thesaurus.owl#C140976,http://ncicb.nci.nih.gov/xml/owl/EVS/Thesaurus.owl#C74695,0.0
http://ncicb.nci.nih.gov/xml/owl/EVS/Thesaurus.owl#C172227,http://www.w3.org/2000/01/rdf-schema#subClassOf,http://ncicb.nci.nih.gov/xml/owl/EVS/Thesaurus.owl#C168976,http://ncicb.nci.nih.gov/xml/owl/EVS/Thesaurus.owl#C133444,0.0
http://ncicb.nci.nih.gov/xml/owl/EVS/Thesaurus.owl#C43574,http://www.w3.org/2000/01/rdf-schema#subClassOf,http://ncicb.nci.nih.gov/xml/owl/EVS/Thesaurus.owl#C188014,http://ncicb.nci.nih.gov/xml/owl/EVS/Thesaurus.owl#C89925,0.0
http://ncicb.nci.nih.gov/xml/owl/EVS/Thesaurus.owl#C120415,http://www.w3.org/2000/01/rdf-schema#subClassOf,http://ncicb.nci.nih.gov/xml/owl/EVS/Thesaurus.owl#C173347,http://ncicb.nci.nih.gov/xml/owl/EVS/Thesaurus.owl#C3129,0.0
http://ncicb.nci.nih.gov/xml/owl/EVS/Thesaurus.owl#C41581,http://www.w3.org/2000/01/rdf-schema#subClassOf,http://ncicb.nci.nih.gov/xml/owl/EVS/Thesaurus.owl#C41582,http://ncicb.nci.nih.gov/xml/owl/EVS/Thesaurus.owl#C8968,0.0
http://ncicb.nci.nih.gov/xml/owl/EVS/Thesaurus.owl#C35981,http://www.w3.org/2000/01/rdf-schema#subClassOf,http://ncicb.nci.nih.gov/xml/owl/EVS/Thesaurus.owl#C35979,http://ncicb.nci.nih.gov/xml/owl/EVS/Thesaurus.owl#C134186,0.0
http://ncicb.nci.nih.gov/xml/owl/EVS/Thesaurus.owl#C171281,http://www.w3.org/2000/01/rdf-schema#subClassOf,http://ncicb.nci.nih.gov/xml/owl/EVS/Thesaurus.owl#C156087,http://ncicb.nci.nih.gov/xml/owl/EVS/Thesaurus.owl#C181562,0.0
http://ncicb.nci.nih.gov/xml/owl/EVS/Thesaurus.owl#C189392,http://www.w3.org/2000/01/rdf-schema#subClassOf,http://ncicb.nci.nih.gov/xml/owl/EVS/Thesaurus.owl#C181278,http://ncicb.nci.nih.gov/xml/owl/EVS/Thesaurus.owl#C139695,0.0
http://ncicb.nci.nih.gov/xml/owl/EVS/Thesaurus.owl#C5470,http://www.w3.org/2000/01/rdf-schema#subClassOf,http://ncicb.nci.nih.gov/xml/owl/EVS/Thesaurus.owl#C89860,http://ncicb.nci.nih.gov/xml/owl/EVS/Thesaurus.owl#C133797,0.0
http://ncicb.nci.nih.gov/xml/owl/EVS/Thesaurus.owl#C169099,http://www.w3.org/2000/01/rdf-schema#subClassOf,http://ncicb.nci.nih.gov/xml/owl/EVS/Thesaurus.owl#C162768,http://ncicb.nci.nih.gov/xml/owl/EVS/Thesaurus.owl#C172664,0.0
http://ncicb.nci.nih.gov/xml/owl/EVS/Thesaurus.owl#C82403,http://www.w3.org/2000/01/rdf-schema#subClassOf,http://ncicb.nci.nih.gov/xml/owl/EVS/Thesaurus.owl#C174129,http://ncicb.nci.nih.gov/xml/owl/EVS/Thesaurus.owl#C63892,0.0
http://ncicb.nci.nih.gov/xml/owl/EVS/Thesaurus.owl#C89585,http://www.w3.org/2000/01/rdf-schema#subClassOf,http://ncicb.nci.nih.gov/xml/owl/EVS/Thesaurus.owl#C89583,http://ncicb.nci.nih.gov/xml/owl/EVS/Thesaurus.owl#C140664,0.0
http://ncicb.nci.nih.gov/xml/owl/EVS/Thesaurus.owl#C139712,http://www.w3.org/2000/01/rdf-schema#subClassOf,http://ncicb.nci.nih.gov/xml/owl/EVS/Thesaurus.owl#C139710,http://ncicb.nci.nih.gov/xml/owl/EVS/Thesaurus.owl#C27131,0.0
http://ncicb.nci.nih.gov/xml/owl/EVS/Thesaurus.owl#C7556,http://www.w3.org/2000/01/rdf-schema#subClassOf,http://ncicb.nci.nih.gov/xml/owl/EVS/Thesaurus.owl#C7079,http://ncicb.nci.nih.gov/xml/owl/EVS/Thesaurus.owl#C34853,0.0
http://ncicb.nci.nih.gov/xml/owl/EVS/Thesaurus.owl#C122717,http://www.w3.org/2000/01/rdf-schema#subClassOf,http://ncicb.nci.nih.gov/xml/owl/EVS/Thesaurus.owl#C82426,http://ncicb.nci.nih.gov/xml/owl/EVS/Thesaurus.owl#C114972,0.0
http://ncicb.nci.nih.gov/xml/owl/EVS/Thesaurus.owl#C187162,http://www.w3.org/2000/01/rdf-schema#subClassOf,http://ncicb.nci.nih.gov/xml/owl/EVS/Thesaurus.owl#C162642,http://ncicb.nci.nih.gov/xml/owl/EVS/Thesaurus.owl#C158910,0.0
http://ncicb.nci.nih.gov/xml/owl/EVS/Thesaurus.owl#C105528,http://www.w3.org/2000/01/rdf-schema#subClassOf,http://ncicb.nci.nih.gov/xml/owl/EVS/Thesaurus.owl#C173347,http://ncicb.nci.nih.gov/xml/owl/EVS/Thesaurus.owl#C23074,0.0
http://ncicb.nci.nih.gov/xml/owl/EVS/Thesaurus.owl#C8879,http://www.w3.org/2000/01/rdf-schema#subClassOf,http://ncicb.nci.nih.gov/xml/owl/EVS/Thesaurus.owl#C141262,http://ncicb.nci.nih.gov/xml/owl/EVS/Thesaurus.owl#C8237,0.0
http://ncicb.nci.nih.gov/xml/owl/EVS/Thesaurus.owl#C137649,http://www.w3.org/2000/01/rdf-schema#subClassOf,http://ncicb.nci.nih.gov/xml/owl/EVS/Thesaurus.owl#C137648,http://ncicb.nci.nih.gov/xml/owl/EVS/Thesaurus.owl#C141260,0.0
http://ncicb.nci.nih.gov/xml/owl/EVS/Thesaurus.owl#C14407,http://www.w3.org/2000/01/rdf-schema#subClassOf,http://ncicb.nci.nih.gov/xml/owl/EVS/Thesaurus.owl#C15172,http://ncicb.nci.nih.gov/xml/owl/EVS/Thesaurus.owl#C162768,0.0
http://ncicb.nci.nih.gov/xml/owl/EVS/Thesaurus.owl#C13718,http://www.w3.org/2000/01/rdf-schema#subClassOf,http://ncicb.nci.nih.gov/xml/owl/EVS/Thesaurus.owl#C13372,http://ncicb.nci.nih.gov/xml/owl/EVS/Thesaurus.owl#C5644,0.0
http://ncicb.nci.nih.gov/xml/owl/EVS/Thesaurus.owl#C6250,http://www.w3.org/2000/01/rdf-schema#subClassOf,http://ncicb.nci.nih.gov/xml/owl/EVS/Thesaurus.owl#C181160,http://ncicb.nci.nih.gov/xml/owl/EVS/Thesaurus.owl#C5642,0.0
http://ncicb.nci.nih.gov/xml/owl/EVS/Thesaurus.owl#C3974,http://www.w3.org/2000/01/rdf-schema#subClassOf,http://ncicb.nci.nih.gov/xml/owl/EVS/Thesaurus.owl#C4056,http://ncicb.nci.nih.gov/xml/owl/EVS/Thesaurus.owl#C96506,0.0
http://ncicb.nci.nih.gov/xml/owl/EVS/Thesaurus.owl#C14398,http://www.w3.org/2000/01/rdf-schema#subClassOf,http://ncicb.nci.nih.gov/xml/owl/EVS/Thesaurus.owl#C15172,http://ncicb.nci.nih.gov/xml/owl/EVS/Thesaurus.owl#C8764,0.0
http://ncicb.nci.nih.gov/xml/owl/EVS/Thesaurus.owl#C189310,http://www.w3.org/2000/01/rdf-schema#subClassOf,http://ncicb.nci.nih.gov/xml/owl/EVS/Thesaurus.owl#C98762,http://ncicb.nci.nih.gov/xml/owl/EVS/Thesaurus.owl#C180335,0.0
http://ncicb.nci.nih.gov/xml/owl/EVS/Thesaurus.owl#C9082,http://www.w3.org/2000/01/rdf-schema#subClassOf,http://ncicb.nci.nih.gov/xml/owl/EVS/Thesaurus.owl#C140960,http://ncicb.nci.nih.gov/xml/owl/EVS/Thesaurus.owl#C162156,0.0
http://ncicb.nci.nih.gov/xml/owl/EVS/Thesaurus.owl#C89992,http://www.w3.org/2000/01/rdf-schema#subClassOf,http://ncicb.nci.nih.gov/xml/owl/EVS/Thesaurus.owl#C91226,http://ncicb.nci.nih.gov/xml/owl/EVS/Thesaurus.owl#C8855,0.0
http://ncicb.nci.nih.gov/xml/owl/EVS/Thesaurus.owl#C174436,http://www.w3.org/2000/01/rdf-schema#subClassOf,http://ncicb.nci.nih.gov/xml/owl/EVS/Thesaurus.owl#C27644,http://ncicb.nci.nih.gov/xml/owl/EVS/Thesaurus.owl#C9240,0.0
http://ncicb.nci.nih.gov/xml/owl/EVS/Thesaurus.owl#C6767,http://www.w3.org/2000/01/rdf-schema#subClassOf,http://ncicb.nci.nih.gov/xml/owl/EVS/Thesaurus.owl#C3573,http://ncicb.nci.nih.gov/xml/owl/EVS/Thesaurus.owl#C4322,0.0
http://ncicb.nci.nih.gov/xml/owl/EVS/Thesaurus.owl#C9205,http://www.w3.org/2000/01/rdf-schema#subClassOf,http://ncicb.nci.nih.gov/xml/owl/EVS/Thesaurus.owl#C90493,http://ncicb.nci.nih.gov/xml/owl/EVS/Thesaurus.owl#C6179,0.0
http://ncicb.nci.nih.gov/xml/owl/EVS/Thesaurus.owl#C65028,http://www.w3.org/2000/01/rdf-schema#subClassOf,http://ncicb.nci.nih.gov/xml/owl/EVS/Thesaurus.owl#C89099,http://ncicb.nci.nih.gov/xml/owl/EVS/Thesaurus.owl#C9475,0.0
http://ncicb.nci.nih.gov/xml/owl/EVS/Thesaurus.owl#C35232,http://www.w3.org/2000/01/rdf-schema#subClassOf,http://ncicb.nci.nih.gov/xml/owl/EVS/Thesaurus.owl#C35354,http://ncicb.nci.nih.gov/xml/owl/EVS/Thesaurus.owl#C156081,0.0
http://ncicb.nci.nih.gov/xml/owl/EVS/Thesaurus.owl#C148237,http://www.w3.org/2000/01/rdf-schema#subClassOf,http://ncicb.nci.nih.gov/xml/owl/EVS/Thesaurus.owl#C173346,http://ncicb.nci.nih.gov/xml/owl/EVS/Thesaurus.owl#C8856,0.0
http://ncicb.nci.nih.gov/xml/owl/EVS/Thesaurus.owl#C123023,http://www.w3.org/2000/01/rdf-schema#subClassOf,http://ncicb.nci.nih.gov/xml/owl/EVS/Thesaurus.owl#C34645,http://ncicb.nci.nih.gov/xml/owl/EVS/Thesaurus.owl#C91256,0.0
http://ncicb.nci.nih.gov/xml/owl/EVS/Thesaurus.owl#C117860,http://www.w3.org/2000/01/rdf-schema#subClassOf,http://ncicb.nci.nih.gov/xml/owl/EVS/Thesaurus.owl#C75378,http://ncicb.nci.nih.gov/xml/owl/EVS/Thesaurus.owl#C191694,0.0
http://ncicb.nci.nih.gov/xml/owl/EVS/Thesaurus.owl#C189391,http://www.w3.org/2000/01/rdf-schema#subClassOf,http://ncicb.nci.nih.gov/xml/owl/EVS/Thesaurus.owl#C181284,http://ncicb.nci.nih.gov/xml/owl/EVS/Thesaurus.owl#C6136,0.0
http://ncicb.nci.nih.gov/xml/owl/EVS/Thesaurus.owl#C6010,http://www.w3.org/2000/01/rdf-schema#subClassOf,http://ncicb.nci.nih.gov/xml/owl/EVS/Thesaurus.owl#C89117,http://ncicb.nci.nih.gov/xml/owl/EVS/Thesaurus.owl#C89626,0.0
http://ncicb.nci.nih.gov/xml/owl/EVS/Thesaurus.owl#C171280,http://www.w3.org/2000/01/rdf-schema#subClassOf,http://ncicb.nci.nih.gov/xml/owl/EVS/Thesaurus.owl#C165561,http://ncicb.nci.nih.gov/xml/owl/EVS/Thesaurus.owl#C3573,0.0
http://ncicb.nci.nih.gov/xml/owl/EVS/Thesaurus.owl#C8352,http://www.w3.org/2000/01/rdf-schema#subClassOf,http://ncicb.nci.nih.gov/xml/owl/EVS/Thesaurus.owl#C8351,http://ncicb.nci.nih.gov/xml/owl/EVS/Thesaurus.owl#C141173,0.0
http://ncicb.nci.nih.gov/xml/owl/EVS/Thesaurus.owl#C8752,http://www.w3.org/2000/01/rdf-schema#subClassOf,http://ncicb.nci.nih.gov/xml/owl/EVS/Thesaurus.owl#C4012,http://ncicb.nci.nih.gov/xml/owl/EVS/Thesaurus.owl#C115442,0.0
http://ncicb.nci.nih.gov/xml/owl/EVS/Thesaurus.owl#C173338,http://www.w3.org/2000/01/rdf-schema#subClassOf,http://ncicb.nci.nih.gov/xml/owl/EVS/Thesaurus.owl#C170515,http://ncicb.nci.nih.gov/xml/owl/EVS/Thesaurus.owl#C85021,0.0
http://ncicb.nci.nih.gov/xml/owl/EVS/Thesaurus.owl#C186284,http://www.w3.org/2000/01/rdf-schema#subClassOf,http://ncicb.nci.nih.gov/xml/owl/EVS/Thesaurus.owl#C53556,http://ncicb.nci.nih.gov/xml/owl/EVS/Thesaurus.owl#C8666,0.0
http://ncicb.nci.nih.gov/xml/owl/EVS/Thesaurus.owl#C156717,http://www.w3.org/2000/01/rdf-schema#subClassOf,http://ncicb.nci.nih.gov/xml/owl/EVS/Thesaurus.owl#C7463,http://ncicb.nci.nih.gov/xml/owl/EVS/Thesaurus.owl#C21618,0.0
http://ncicb.nci.nih.gov/xml/owl/EVS/Thesaurus.owl#C14515,http://www.w3.org/2000/01/rdf-schema#subClassOf,http://ncicb.nci.nih.gov/xml/owl/EVS/Thesaurus.owl#C14421,http://ncicb.nci.nih.gov/xml/owl/EVS/Thesaurus.owl#C165699,0.0
http://ncicb.nci.nih.gov/xml/owl/EVS/Thesaurus.owl#C157679,http://www.w3.org/2000/01/rdf-schema#subClassOf,http://ncicb.nci.nih.gov/xml/owl/EVS/Thesaurus.owl#C8852,http://ncicb.nci.nih.gov/xml/owl/EVS/Thesaurus.owl#C5084,0.0
http://ncicb.nci.nih.gov/xml/owl/EVS/Thesaurus.owl#C167266,http://www.w3.org/2000/01/rdf-schema#subClassOf,http://ncicb.nci.nih.gov/xml/owl/EVS/Thesaurus.owl#C173689,http://ncicb.nci.nih.gov/xml/owl/EVS/Thesaurus.owl#C190677,0.0
http://ncicb.nci.nih.gov/xml/owl/EVS/Thesaurus.owl#C4848,http://www.w3.org/2000/01/rdf-schema#subClassOf,http://ncicb.nci.nih.gov/xml/owl/EVS/Thesaurus.owl#C4847,http://ncicb.nci.nih.gov/xml/owl/EVS/Thesaurus.owl#C170784,0.0
http://ncicb.nci.nih.gov/xml/owl/EVS/Thesaurus.owl#C169099,http://www.w3.org/2000/01/rdf-schema#subClassOf,http://ncicb.nci.nih.gov/xml/owl/EVS/Thesaurus.owl#C168995,http://ncicb.nci.nih.gov/xml/owl/EVS/Thesaurus.owl#C4959,0.0
http://ncicb.nci.nih.gov/xml/owl/EVS/Thesaurus.owl#C8693,http://www.w3.org/2000/01/rdf-schema#subClassOf,http://ncicb.nci.nih.gov/xml/owl/EVS/Thesaurus.owl#C141272,http://ncicb.nci.nih.gov/xml/owl/EVS/Thesaurus.owl#C39828,0.0
http://ncicb.nci.nih.gov/xml/owl/EVS/Thesaurus.owl#C172358,http://www.w3.org/2000/01/rdf-schema#subClassOf,http://ncicb.nci.nih.gov/xml/owl/EVS/Thesaurus.owl#C168976,http://ncicb.nci.nih.gov/xml/owl/EVS/Thesaurus.owl#C151990,0.0
http://ncicb.nci.nih.gov/xml/owl/EVS/Thesaurus.owl#C162618,http://www.w3.org/2000/01/rdf-schema#subClassOf,http://ncicb.nci.nih.gov/xml/owl/EVS/Thesaurus.owl#C157636,http://ncicb.nci.nih.gov/xml/owl/EVS/Thesaurus.owl#C136927,0.0
http://ncicb.nci.nih.gov/xml/owl/EVS/Thesaurus.owl#C157070,http://www.w3.org/2000/01/rdf-schema#subClassOf,http://ncicb.nci.nih.gov/xml/owl/EVS/Thesaurus.owl#C157068,http://ncicb.nci.nih.gov/xml/owl/EVS/Thesaurus.owl#C8181,0.0
http://ncicb.nci.nih.gov/xml/owl/EVS/Thesaurus.owl#C186431,http://www.w3.org/2000/01/rdf-schema#subClassOf,http://ncicb.nci.nih.gov/xml/owl/EVS/Thesaurus.owl#C122157,http://ncicb.nci.nih.gov/xml/owl/EVS/Thesaurus.owl#C151971,0.0
http://ncicb.nci.nih.gov/xml/owl/EVS/Thesaurus.owl#C157751,http://www.w3.org/2000/01/rdf-schema#subClassOf,http://ncicb.nci.nih.gov/xml/owl/EVS/Thesaurus.owl#C191697,http://ncicb.nci.nih.gov/xml/owl/EVS/Thesaurus.owl#C133445,0.0
http://ncicb.nci.nih.gov/xml/owl/EVS/Thesaurus.owl#C123120,http://www.w3.org/2000/01/rdf-schema#subClassOf,http://ncicb.nci.nih.gov/xml/owl/EVS/Thesaurus.owl#C34789,http://ncicb.nci.nih.gov/xml/owl/EVS/Thesaurus.owl#C39828,0.0
http://ncicb.nci.nih.gov/xml/owl/EVS/Thesaurus.owl#C112188,http://www.w3.org/2000/01/rdf-schema#subClassOf,http://ncicb.nci.nih.gov/xml/owl/EVS/Thesaurus.owl#C173346,http://ncicb.nci.nih.gov/xml/owl/EVS/Thesaurus.owl#C113815,0.0
http://ncicb.nci.nih.gov/xml/owl/EVS/Thesaurus.owl#C8691,http://www.w3.org/2000/01/rdf-schema#subClassOf,http://ncicb.nci.nih.gov/xml/owl/EVS/Thesaurus.owl#C141272,http://ncicb.nci.nih.gov/xml/owl/EVS/Thesaurus.owl#C6838,0.0
http://ncicb.nci.nih.gov/xml/owl/EVS/Thesaurus.owl#C37310,http://www.w3.org/2000/01/rdf-schema#subClassOf,http://ncicb.nci.nih.gov/xml/owl/EVS/Thesaurus.owl#C106411,http://ncicb.nci.nih.gov/xml/owl/EVS/Thesaurus.owl#C7688,0.0
http://ncicb.nci.nih.gov/xml/owl/EVS/Thesaurus.owl#C157073,http://www.w3.org/2000/01/rdf-schema#subClassOf,http://ncicb.nci.nih.gov/xml/owl/EVS/Thesaurus.owl#C8852,http://ncicb.nci.nih.gov/xml/owl/EVS/Thesaurus.owl#C141190,0.0
http://ncicb.nci.nih.gov/xml/owl/EVS/Thesaurus.owl#C151406,http://www.w3.org/2000/01/rdf-schema#subClassOf,http://ncicb.nci.nih.gov/xml/owl/EVS/Thesaurus.owl#C106408,http://ncicb.nci.nih.gov/xml/owl/EVS/Thesaurus.owl#C179263,0.0
http://ncicb.nci.nih.gov/xml/owl/EVS/Thesaurus.owl#C87135,http://www.w3.org/2000/01/rdf-schema#subClassOf,http://ncicb.nci.nih.gov/xml/owl/EVS/Thesaurus.owl#C8260,http://ncicb.nci.nih.gov/xml/owl/EVS/Thesaurus.owl#C4322,0.0
http://ncicb.nci.nih.gov/xml/owl/EVS/Thesaurus.owl#C22146,http://www.w3.org/2000/01/rdf-schema#subClassOf,http://ncicb.nci.nih.gov/xml/owl/EVS/Thesaurus.owl#C22117,http://ncicb.nci.nih.gov/xml/owl/EVS/Thesaurus.owl#C47858,0.0
http://ncicb.nci.nih.gov/xml/owl/EVS/Thesaurus.owl#C178679,http://www.w3.org/2000/01/rdf-schema#subClassOf,http://ncicb.nci.nih.gov/xml/owl/EVS/Thesaurus.owl#C105556,http://ncicb.nci.nih.gov/xml/owl/EVS/Thesaurus.owl#C148423,0.0
http://ncicb.nci.nih.gov/xml/owl/EVS/Thesaurus.owl#C172318,http://www.w3.org/2000/01/rdf-schema#subClassOf,http://ncicb.nci.nih.gov/xml/owl/EVS/Thesaurus.owl#C172314,http://ncicb.nci.nih.gov/xml/owl/EVS/Thesaurus.owl#C181630,0.0
http://ncicb.nci.nih.gov/xml/owl/EVS/Thesaurus.owl#C30048,http://www.w3.org/2000/01/rdf-schema#subClassOf,http://ncicb.nci.nih.gov/xml/owl/EVS/Thesaurus.owl#C30037,http://ncicb.nci.nih.gov/xml/owl/EVS/Thesaurus.owl#C134849,0.0
http://ncicb.nci.nih.gov/xml/owl/EVS/Thesaurus.owl#C162442,http://www.w3.org/2000/01/rdf-schema#subClassOf,http://ncicb.nci.nih.gov/xml/owl/EVS/Thesaurus.owl#C3998,http://ncicb.nci.nih.gov/xml/owl/EVS/Thesaurus.owl#C164160,0.0
http://ncicb.nci.nih.gov/xml/owl/EVS/Thesaurus.owl#C118606,http://www.w3.org/2000/01/rdf-schema#subClassOf,http://ncicb.nci.nih.gov/xml/owl/EVS/Thesaurus.owl#C173935,http://ncicb.nci.nih.gov/xml/owl/EVS/Thesaurus.owl#C134849,0.0
http://ncicb.nci.nih.gov/xml/owl/EVS/Thesaurus.owl#C134095,http://www.w3.org/2000/01/rdf-schema#subClassOf,http://ncicb.nci.nih.gov/xml/owl/EVS/Thesaurus.owl#C134054,http://ncicb.nci.nih.gov/xml/owl/EVS/Thesaurus.owl#C62285,0.0
http://ncicb.nci.nih.gov/xml/owl/EVS/Thesaurus.owl#C40004,http://www.w3.org/2000/01/rdf-schema#subClassOf,http://ncicb.nci.nih.gov/xml/owl/EVS/Thesaurus.owl#C40003,http://ncicb.nci.nih.gov/xml/owl/EVS/Thesaurus.owl#C181028,0.0
http://ncicb.nci.nih.gov/xml/owl/EVS/Thesaurus.owl#C9218,http://www.w3.org/2000/01/rdf-schema#subClassOf,http://ncicb.nci.nih.gov/xml/owl/EVS/Thesaurus.owl#C8771,http://ncicb.nci.nih.gov/xml/owl/EVS/Thesaurus.owl#C8770,0.0
http://ncicb.nci.nih.gov/xml/owl/EVS/Thesaurus.owl#C9122,http://www.w3.org/2000/01/rdf-schema#subClassOf,http://ncicb.nci.nih.gov/xml/owl/EVS/Thesaurus.owl#C87545,http://ncicb.nci.nih.gov/xml/owl/EVS/Thesaurus.owl#C7976,0.0
http://ncicb.nci.nih.gov/xml/owl/EVS/Thesaurus.owl#C150843,http://www.w3.org/2000/01/rdf-schema#subClassOf,http://ncicb.nci.nih.gov/xml/owl/EVS/Thesaurus.owl#C74782,http://ncicb.nci.nih.gov/xml/owl/EVS/Thesaurus.owl#C84935,0.0
http://ncicb.nci.nih.gov/xml/owl/EVS/Thesaurus.owl#C157764,http://www.w3.org/2000/01/rdf-schema#subClassOf,http://ncicb.nci.nih.gov/xml/owl/EVS/Thesaurus.owl#C191852,http://ncicb.nci.nih.gov/xml/owl/EVS/Thesaurus.owl#C134866,0.0
http://ncicb.nci.nih.gov/xml/owl/EVS/Thesaurus.owl#C171329,http://www.w3.org/2000/01/rdf-schema#subClassOf,http://ncicb.nci.nih.gov/xml/owl/EVS/Thesaurus.owl#C171330,http://ncicb.nci.nih.gov/xml/owl/EVS/Thesaurus.owl#C5647,0.0
http://ncicb.nci.nih.gov/xml/owl/EVS/Thesaurus.owl#C75375,http://www.w3.org/2000/01/rdf-schema#subClassOf,http://ncicb.nci.nih.gov/xml/owl/EVS/Thesaurus.owl#C74692,http://ncicb.nci.nih.gov/xml/owl/EVS/Thesaurus.owl#C134614,0.0
http://ncicb.nci.nih.gov/xml/owl/EVS/Thesaurus.owl#C36193,http://www.w3.org/2000/01/rdf-schema#subClassOf,http://ncicb.nci.nih.gov/xml/owl/EVS/Thesaurus.owl#C27644,http://ncicb.nci.nih.gov/xml/owl/EVS/Thesaurus.owl#C168995,0.0
http://ncicb.nci.nih.gov/xml/owl/EVS/Thesaurus.owl#C140920,http://www.w3.org/2000/01/rdf-schema#subClassOf,http://ncicb.nci.nih.gov/xml/owl/EVS/Thesaurus.owl#C140919,http://ncicb.nci.nih.gov/xml/owl/EVS/Thesaurus.owl#C133837,0.0
http://ncicb.nci.nih.gov/xml/owl/EVS/Thesaurus.owl#C175364,http://www.w3.org/2000/01/rdf-schema#subClassOf,http://ncicb.nci.nih.gov/xml/owl/EVS/Thesaurus.owl#C175360,http://ncicb.nci.nih.gov/xml/owl/EVS/Thesaurus.owl#C171020,0.0
http://ncicb.nci.nih.gov/xml/owl/EVS/Thesaurus.owl#C6249,http://www.w3.org/2000/01/rdf-schema#subClassOf,http://ncicb.nci.nih.gov/xml/owl/EVS/Thesaurus.owl#C4824,http://ncicb.nci.nih.gov/xml/owl/EVS/Thesaurus.owl#C87543,0.0
http://ncicb.nci.nih.gov/xml/owl/EVS/Thesaurus.owl#C14595,http://www.w3.org/2000/01/rdf-schema#subClassOf,http://ncicb.nci.nih.gov/xml/owl/EVS/Thesaurus.owl#C14421,http://ncicb.nci.nih.gov/xml/owl/EVS/Thesaurus.owl#C165561,0.0
http://ncicb.nci.nih.gov/xml/owl/EVS/Thesaurus.owl#C14294,http://www.w3.org/2000/01/rdf-schema#subClassOf,http://ncicb.nci.nih.gov/xml/owl/EVS/Thesaurus.owl#C15156,http://ncicb.nci.nih.gov/xml/owl/EVS/Thesaurus.owl#C5009,0.0
http://ncicb.nci.nih.gov/xml/owl/EVS/Thesaurus.owl#C134143,http://www.w3.org/2000/01/rdf-schema#subClassOf,http://ncicb.nci.nih.gov/xml/owl/EVS/Thesaurus.owl#C134137,http://ncicb.nci.nih.gov/xml/owl/EVS/Thesaurus.owl#C34823,0.0
http://ncicb.nci.nih.gov/xml/owl/EVS/Thesaurus.owl#C177151,http://www.w3.org/2000/01/rdf-schema#subClassOf,http://ncicb.nci.nih.gov/xml/owl/EVS/Thesaurus.owl#C162156,http://ncicb.nci.nih.gov/xml/owl/EVS/Thesaurus.owl#C8854,0.0
http://ncicb.nci.nih.gov/xml/owl/EVS/Thesaurus.owl#C189420,http://www.w3.org/2000/01/rdf-schema#subClassOf,http://ncicb.nci.nih.gov/xml/owl/EVS/Thesaurus.owl#C189306,http://ncicb.nci.nih.gov/xml/owl/EVS/Thesaurus.owl#C140927,0.0
http://ncicb.nci.nih.gov/xml/owl/EVS/Thesaurus.owl#C176514,http://www.w3.org/2000/01/rdf-schema#subClassOf,http://ncicb.nci.nih.gov/xml/owl/EVS/Thesaurus.owl#C176513,http://ncicb.nci.nih.gov/xml/owl/EVS/Thesaurus.owl#C181028,0.0
http://ncicb.nci.nih.gov/xml/owl/EVS/Thesaurus.owl#C107196,http://www.w3.org/2000/01/rdf-schema#subClassOf,http://ncicb.nci.nih.gov/xml/owl/EVS/Thesaurus.owl#C173350,http://ncicb.nci.nih.gov/xml/owl/EVS/Thesaurus.owl#C135205,0.0
http://ncicb.nci.nih.gov/xml/owl/EVS/Thesaurus.owl#C134930,http://www.w3.org/2000/01/rdf-schema#subClassOf,http://ncicb.nci.nih.gov/xml/owl/EVS/Thesaurus.owl#C134909,http://ncicb.nci.nih.gov/xml/owl/EVS/Thesaurus.owl#C23100,0.0
http://ncicb.nci.nih.gov/xml/owl/EVS/Thesaurus.owl#C24205,http://www.w3.org/2000/01/rdf-schema#subClassOf,http://ncicb.nci.nih.gov/xml/owl/EVS/Thesaurus.owl#C24211,http://ncicb.nci.nih.gov/xml/owl/EVS/Thesaurus.owl#C6220,0.0
http://ncicb.nci.nih.gov/xml/owl/EVS/Thesaurus.owl#C161376,http://www.w3.org/2000/01/rdf-schema#subClassOf,http://ncicb.nci.nih.gov/xml/owl/EVS/Thesaurus.owl#C74697,http://ncicb.nci.nih.gov/xml/owl/EVS/Thesaurus.owl#C68684,0.0
http://ncicb.nci.nih.gov/xml/owl/EVS/Thesaurus.owl#C141354,http://www.w3.org/2000/01/rdf-schema#subClassOf,http://ncicb.nci.nih.gov/xml/owl/EVS/Thesaurus.owl#C141353,http://ncicb.nci.nih.gov/xml/owl/EVS/Thesaurus.owl#C179460,0.0
http://ncicb.nci.nih.gov/xml/owl/EVS/Thesaurus.owl#C3993,http://www.w3.org/2000/01/rdf-schema#subClassOf,http://ncicb.nci.nih.gov/xml/owl/EVS/Thesaurus.owl#C90507,http://ncicb.nci.nih.gov/xml/owl/EVS/Thesaurus.owl#C7688,0.0
http://ncicb.nci.nih.gov/xml/owl/EVS/Thesaurus.owl#C129602,http://www.w3.org/2000/01/rdf-schema#subClassOf,http://ncicb.nci.nih.gov/xml/owl/EVS/Thesaurus.owl#C4342,http://ncicb.nci.nih.gov/xml/owl/EVS/Thesaurus.owl#C187243,0.0
http://ncicb.nci.nih.gov/xml/owl/EVS/Thesaurus.owl#C107176,http://www.w3.org/2000/01/rdf-schema#subClassOf,http://ncicb.nci.nih.gov/xml/owl/EVS/Thesaurus.owl#C173351,http://ncicb.nci.nih.gov/xml/owl/EVS/Thesaurus.owl#C133640,0.0
http://ncicb.nci.nih.gov/xml/owl/EVS/Thesaurus.owl#C91124,http://www.w3.org/2000/01/rdf-schema#subClassOf,http://ncicb.nci.nih.gov/xml/owl/EVS/Thesaurus.owl#C173130,http://ncicb.nci.nih.gov/xml/owl/EVS/Thesaurus.owl#C5977,0.0
http://ncicb.nci.nih.gov/xml/owl/EVS/Thesaurus.owl#C5888,http://www.w3.org/2000/01/rdf-schema#subClassOf,http://ncicb.nci.nih.gov/xml/owl/EVS/Thesaurus.owl#C5886,http://ncicb.nci.nih.gov/xml/owl/EVS/Thesaurus.owl#C157074,0.0
http://ncicb.nci.nih.gov/xml/owl/EVS/Thesaurus.owl#C5071,http://www.w3.org/2000/01/rdf-schema#subClassOf,http://ncicb.nci.nih.gov/xml/owl/EVS/Thesaurus.owl#C5070,http://ncicb.nci.nih.gov/xml/owl/EVS/Thesaurus.owl#C35799,0.0
http://ncicb.nci.nih.gov/xml/owl/EVS/Thesaurus.owl#C5085,http://www.w3.org/2000/01/rdf-schema#subClassOf,http://ncicb.nci.nih.gov/xml/owl/EVS/Thesaurus.owl#C141260,http://ncicb.nci.nih.gov/xml/owl/EVS/Thesaurus.owl#C96163,0.0
http://ncicb.nci.nih.gov/xml/owl/EVS/Thesaurus.owl#C118596,http://www.w3.org/2000/01/rdf-schema#subClassOf,http://ncicb.nci.nih.gov/xml/owl/EVS/Thesaurus.owl#C173935,http://ncicb.nci.nih.gov/xml/owl/EVS/Thesaurus.owl#C27891,0.0
http://ncicb.nci.nih.gov/xml/owl/EVS/Thesaurus.owl#C8263,http://www.w3.org/2000/01/rdf-schema#subClassOf,http://ncicb.nci.nih.gov/xml/owl/EVS/Thesaurus.owl#C7319,http://ncicb.nci.nih.gov/xml/owl/EVS/Thesaurus.owl#C129443,0.0
http://ncicb.nci.nih.gov/xml/owl/EVS/Thesaurus.owl#C131714,http://www.w3.org/2000/01/rdf-schema#subClassOf,http://ncicb.nci.nih.gov/xml/owl/EVS/Thesaurus.owl#C173346,http://ncicb.nci.nih.gov/xml/owl/EVS/Thesaurus.owl#C156487,0.0
http://ncicb.nci.nih.gov/xml/owl/EVS/Thesaurus.owl#C24223,http://www.w3.org/2000/01/rdf-schema#subClassOf,http://ncicb.nci.nih.gov/xml/owl/EVS/Thesaurus.owl#C24222,http://ncicb.nci.nih.gov/xml/owl/EVS/Thesaurus.owl#C118491,0.0
http://ncicb.nci.nih.gov/xml/owl/EVS/Thesaurus.owl#C14404,http://www.w3.org/2000/01/rdf-schema#subClassOf,http://ncicb.nci.nih.gov/xml/owl/EVS/Thesaurus.owl#C15172,http://ncicb.nci.nih.gov/xml/owl/EVS/Thesaurus.owl#C181613,0.0
http://ncicb.nci.nih.gov/xml/owl/EVS/Thesaurus.owl#C121865,http://www.w3.org/2000/01/rdf-schema#subClassOf,http://ncicb.nci.nih.gov/xml/owl/EVS/Thesaurus.owl#C173061,http://ncicb.nci.nih.gov/xml/owl/EVS/Thesaurus.owl#C133609,0.0
http://ncicb.nci.nih.gov/xml/owl/EVS/Thesaurus.owl#C8762,http://www.w3.org/2000/01/rdf-schema#subClassOf,http://ncicb.nci.nih.gov/xml/owl/EVS/Thesaurus.owl#C4012,http://ncicb.nci.nih.gov/xml/owl/EVS/Thesaurus.owl#C60867,0.0
http://ncicb.nci.nih.gov/xml/owl/EVS/Thesaurus.owl#C6666,http://www.w3.org/2000/01/rdf-schema#subClassOf,http://ncicb.nci.nih.gov/xml/owl/EVS/Thesaurus.owl#C6660,http://ncicb.nci.nih.gov/xml/owl/EVS/Thesaurus.owl#C158910,0.0
http://ncicb.nci.nih.gov/xml/owl/EVS/Thesaurus.owl#C37406,http://www.w3.org/2000/01/rdf-schema#subClassOf,http://ncicb.nci.nih.gov/xml/owl/EVS/Thesaurus.owl#C14421,http://ncicb.nci.nih.gov/xml/owl/EVS/Thesaurus.owl#C89600,0.0
http://ncicb.nci.nih.gov/xml/owl/EVS/Thesaurus.owl#C106631,http://www.w3.org/2000/01/rdf-schema#subClassOf,http://ncicb.nci.nih.gov/xml/owl/EVS/Thesaurus.owl#C173347,http://ncicb.nci.nih.gov/xml/owl/EVS/Thesaurus.owl#C173082,0.0
http://ncicb.nci.nih.gov/xml/owl/EVS/Thesaurus.owl#C122235,http://www.w3.org/2000/01/rdf-schema#subClassOf,http://ncicb.nci.nih.gov/xml/owl/EVS/Thesaurus.owl#C14421,http://ncicb.nci.nih.gov/xml/owl/EVS/Thesaurus.owl#C21992,0.0
http://ncicb.nci.nih.gov/xml/owl/EVS/Thesaurus.owl#C8683,http://www.w3.org/2000/01/rdf-schema#subClassOf,http://ncicb.nci.nih.gov/xml/owl/EVS/Thesaurus.owl#C141295,http://ncicb.nci.nih.gov/xml/owl/EVS/Thesaurus.owl#C151990,0.0
http://ncicb.nci.nih.gov/xml/owl/EVS/Thesaurus.owl#C8212,http://www.w3.org/2000/01/rdf-schema#subClassOf,http://ncicb.nci.nih.gov/xml/owl/EVS/Thesaurus.owl#C5886,http://ncicb.nci.nih.gov/xml/owl/EVS/Thesaurus.owl#C5951,0.0
http://ncicb.nci.nih.gov/xml/owl/EVS/Thesaurus.owl#C173913,http://www.w3.org/2000/01/rdf-schema#subClassOf,http://ncicb.nci.nih.gov/xml/owl/EVS/Thesaurus.owl#C104295,http://ncicb.nci.nih.gov/xml/owl/EVS/Thesaurus.owl#C115135,0.0
http://ncicb.nci.nih.gov/xml/owl/EVS/Thesaurus.owl#C40219,http://www.w3.org/2000/01/rdf-schema#subClassOf,http://ncicb.nci.nih.gov/xml/owl/EVS/Thesaurus.owl#C27815,http://ncicb.nci.nih.gov/xml/owl/EVS/Thesaurus.owl#C74690,0.0
http://ncicb.nci.nih.gov/xml/owl/EVS/Thesaurus.owl#C133586,http://www.w3.org/2000/01/rdf-schema#subClassOf,http://ncicb.nci.nih.gov/xml/owl/EVS/Thesaurus.owl#C133583,http://ncicb.nci.nih.gov/xml/owl/EVS/Thesaurus.owl#C9332,0.0
http://ncicb.nci.nih.gov/xml/owl/EVS/Thesaurus.owl#C139832,http://www.w3.org/2000/01/rdf-schema#subClassOf,http://ncicb.nci.nih.gov/xml/owl/EVS/Thesaurus.owl#C139830,http://ncicb.nci.nih.gov/xml/owl/EVS/Thesaurus.owl#C6464,0.0
http://ncicb.nci.nih.gov/xml/owl/EVS/Thesaurus.owl#C7551,http://www.w3.org/2000/01/rdf-schema#subClassOf,http://ncicb.nci.nih.gov/xml/owl/EVS/Thesaurus.owl#C90521,http://ncicb.nci.nih.gov/xml/owl/EVS/Thesaurus.owl#C7318,0.0
http://ncicb.nci.nih.gov/xml/owl/EVS/Thesaurus.owl#C134178,http://www.w3.org/2000/01/rdf-schema#subClassOf,http://ncicb.nci.nih.gov/xml/owl/EVS/Thesaurus.owl#C134176,http://ncicb.nci.nih.gov/xml/owl/EVS/Thesaurus.owl#C24087,0.0
http://ncicb.nci.nih.gov/xml/owl/EVS/Thesaurus.owl#C14391,http://www.w3.org/2000/01/rdf-schema#subClassOf,http://ncicb.nci.nih.gov/xml/owl/EVS/Thesaurus.owl#C15172,http://ncicb.nci.nih.gov/xml/owl/EVS/Thesaurus.owl#C8855,0.0
http://ncicb.nci.nih.gov/xml/owl/EVS/Thesaurus.owl#C21754,http://www.w3.org/2000/01/rdf-schema#subClassOf,http://ncicb.nci.nih.gov/xml/owl/EVS/Thesaurus.owl#C21731,http://ncicb.nci.nih.gov/xml/owl/EVS/Thesaurus.owl#C141353,0.0
http://ncicb.nci.nih.gov/xml/owl/EVS/Thesaurus.owl#C88099,http://www.w3.org/2000/01/rdf-schema#subClassOf,http://ncicb.nci.nih.gov/xml/owl/EVS/Thesaurus.owl#C6652,http://ncicb.nci.nih.gov/xml/owl/EVS/Thesaurus.owl#C134609,0.0
http://ncicb.nci.nih.gov/xml/owl/EVS/Thesaurus.owl#C139572,http://www.w3.org/2000/01/rdf-schema#subClassOf,http://ncicb.nci.nih.gov/xml/owl/EVS/Thesaurus.owl#C139569,http://ncicb.nci.nih.gov/xml/owl/EVS/Thesaurus.owl#C163965,0.0
http://ncicb.nci.nih.gov/xml/owl/EVS/Thesaurus.owl#C8470,http://www.w3.org/2000/01/rdf-schema#subClassOf,http://ncicb.nci.nih.gov/xml/owl/EVS/Thesaurus.owl#C8119,http://ncicb.nci.nih.gov/xml/owl/EVS/Thesaurus.owl#C36178,0.0
http://ncicb.nci.nih.gov/xml/owl/EVS/Thesaurus.owl#C173078,http://www.w3.org/2000/01/rdf-schema#subClassOf,http://ncicb.nci.nih.gov/xml/owl/EVS/Thesaurus.owl#C54287,http://ncicb.nci.nih.gov/xml/owl/EVS/Thesaurus.owl#C3491,0.0
http://ncicb.nci.nih.gov/xml/owl/EVS/Thesaurus.owl#C99776,http://www.w3.org/2000/01/rdf-schema#subClassOf,http://ncicb.nci.nih.gov/xml/owl/EVS/Thesaurus.owl#C173347,http://ncicb.nci.nih.gov/xml/owl/EVS/Thesaurus.owl#C141196,0.0
http://ncicb.nci.nih.gov/xml/owl/EVS/Thesaurus.owl#C133552,http://www.w3.org/2000/01/rdf-schema#subClassOf,http://ncicb.nci.nih.gov/xml/owl/EVS/Thesaurus.owl#C133549,http://ncicb.nci.nih.gov/xml/owl/EVS/Thesaurus.owl#C140241,0.0
http://ncicb.nci.nih.gov/xml/owl/EVS/Thesaurus.owl#C184541,http://www.w3.org/2000/01/rdf-schema#subClassOf,http://ncicb.nci.nih.gov/xml/owl/EVS/Thesaurus.owl#C74697,http://ncicb.nci.nih.gov/xml/owl/EVS/Thesaurus.owl#C8580,0.0
http://ncicb.nci.nih.gov/xml/owl/EVS/Thesaurus.owl#C6060,http://www.w3.org/2000/01/rdf-schema#subClassOf,http://ncicb.nci.nih.gov/xml/owl/EVS/Thesaurus.owl#C6076,http://ncicb.nci.nih.gov/xml/owl/EVS/Thesaurus.owl#C191207,0.0
http://ncicb.nci.nih.gov/xml/owl/EVS/Thesaurus.owl#C126223,http://www.w3.org/2000/01/rdf-schema#subClassOf,http://ncicb.nci.nih.gov/xml/owl/EVS/Thesaurus.owl#C126219,http://ncicb.nci.nih.gov/xml/owl/EVS/Thesaurus.owl#C87543,0.0
http://ncicb.nci.nih.gov/xml/owl/EVS/Thesaurus.owl#C22020,http://www.w3.org/2000/01/rdf-schema#subClassOf,http://ncicb.nci.nih.gov/xml/owl/EVS/Thesaurus.owl#C22013,http://ncicb.nci.nih.gov/xml/owl/EVS/Thesaurus.owl#C189241,0.0
http://ncicb.nci.nih.gov/xml/owl/EVS/Thesaurus.owl#C134595,http://www.w3.org/2000/01/rdf-schema#subClassOf,http://ncicb.nci.nih.gov/xml/owl/EVS/Thesaurus.owl#C134593,http://ncicb.nci.nih.gov/xml/owl/EVS/Thesaurus.owl#C172690,0.0
http://ncicb.nci.nih.gov/xml/owl/EVS/Thesaurus.owl#C37426,http://www.w3.org/2000/01/rdf-schema#subClassOf,http://ncicb.nci.nih.gov/xml/owl/EVS/Thesaurus.owl#C14421,http://ncicb.nci.nih.gov/xml/owl/EVS/Thesaurus.owl#C27891,0.0
http://ncicb.nci.nih.gov/xml/owl/EVS/Thesaurus.owl#C3366,http://www.w3.org/2000/01/rdf-schema#subClassOf,http://ncicb.nci.nih.gov/xml/owl/EVS/Thesaurus.owl#C9265,http://ncicb.nci.nih.gov/xml/owl/EVS/Thesaurus.owl#C132814,0.0
http://ncicb.nci.nih.gov/xml/owl/EVS/Thesaurus.owl#C3246,http://www.w3.org/2000/01/rdf-schema#subClassOf,http://ncicb.nci.nih.gov/xml/owl/EVS/Thesaurus.owl#C171300,http://ncicb.nci.nih.gov/xml/owl/EVS/Thesaurus.owl#C134615,0.0
http://ncicb.nci.nih.gov/xml/owl/EVS/Thesaurus.owl#C40312,http://www.w3.org/2000/01/rdf-schema#subClassOf,http://ncicb.nci.nih.gov/xml/owl/EVS/Thesaurus.owl#C7568,http://ncicb.nci.nih.gov/xml/owl/EVS/Thesaurus.owl#C134129,0.0
http://ncicb.nci.nih.gov/xml/owl/EVS/Thesaurus.owl#C37347,http://www.w3.org/2000/01/rdf-schema#subClassOf,http://ncicb.nci.nih.gov/xml/owl/EVS/Thesaurus.owl#C14421,http://ncicb.nci.nih.gov/xml/owl/EVS/Thesaurus.owl#C26716,0.0
http://ncicb.nci.nih.gov/xml/owl/EVS/Thesaurus.owl#C188128,http://www.w3.org/2000/01/rdf-schema#subClassOf,http://ncicb.nci.nih.gov/xml/owl/EVS/Thesaurus.owl#C170965,http://ncicb.nci.nih.gov/xml/owl/EVS/Thesaurus.owl#C43345,0.0
http://ncicb.nci.nih.gov/xml/owl/EVS/Thesaurus.owl#C188791,http://www.w3.org/2000/01/rdf-schema#subClassOf,http://ncicb.nci.nih.gov/xml/owl/EVS/Thesaurus.owl#C7225,http://ncicb.nci.nih.gov/xml/owl/EVS/Thesaurus.owl#C139569,0.0
http://ncicb.nci.nih.gov/xml/owl/EVS/Thesaurus.owl#C125355,http://www.w3.org/2000/01/rdf-schema#subClassOf,http://ncicb.nci.nih.gov/xml/owl/EVS/Thesaurus.owl#C173393,http://ncicb.nci.nih.gov/xml/owl/EVS/Thesaurus.owl#C174043,0.0
http://ncicb.nci.nih.gov/xml/owl/EVS/Thesaurus.owl#C150212,http://www.w3.org/2000/01/rdf-schema#subClassOf,http://ncicb.nci.nih.gov/xml/owl/EVS/Thesaurus.owl#C156081,http://ncicb.nci.nih.gov/xml/owl/EVS/Thesaurus.owl#C61443,0.0
http://ncicb.nci.nih.gov/xml/owl/EVS/Thesaurus.owl#C8244,http://www.w3.org/2000/01/rdf-schema#subClassOf,http://ncicb.nci.nih.gov/xml/owl/EVS/Thesaurus.owl#C8243,http://ncicb.nci.nih.gov/xml/owl/EVS/Thesaurus.owl#C64851,0.0
http://ncicb.nci.nih.gov/xml/owl/EVS/Thesaurus.owl#C141181,http://www.w3.org/2000/01/rdf-schema#subClassOf,http://ncicb.nci.nih.gov/xml/owl/EVS/Thesaurus.owl#C141171,http://ncicb.nci.nih.gov/xml/owl/EVS/Thesaurus.owl#C7638,0.0
http://ncicb.nci.nih.gov/xml/owl/EVS/Thesaurus.owl#C140991,http://www.w3.org/2000/01/rdf-schema#subClassOf,http://ncicb.nci.nih.gov/xml/owl/EVS/Thesaurus.owl#C140969,http://ncicb.nci.nih.gov/xml/owl/EVS/Thesaurus.owl#C140416,0.0
http://ncicb.nci.nih.gov/xml/owl/EVS/Thesaurus.owl#C141160,http://www.w3.org/2000/01/rdf-schema#subClassOf,http://ncicb.nci.nih.gov/xml/owl/EVS/Thesaurus.owl#C141159,http://ncicb.nci.nih.gov/xml/owl/EVS/Thesaurus.owl#C133401,0.0
http://ncicb.nci.nih.gov/xml/owl/EVS/Thesaurus.owl#C88681,http://www.w3.org/2000/01/rdf-schema#subClassOf,http://ncicb.nci.nih.gov/xml/owl/EVS/Thesaurus.owl#C88680,http://ncicb.nci.nih.gov/xml/owl/EVS/Thesaurus.owl#C179554,0.0
http://ncicb.nci.nih.gov/xml/owl/EVS/Thesaurus.owl#C190633,http://www.w3.org/2000/01/rdf-schema#subClassOf,http://ncicb.nci.nih.gov/xml/owl/EVS/Thesaurus.owl#C170937,http://ncicb.nci.nih.gov/xml/owl/EVS/Thesaurus.owl#C139618,0.0
http://ncicb.nci.nih.gov/xml/owl/EVS/Thesaurus.owl#C134757,http://www.w3.org/2000/01/rdf-schema#subClassOf,http://ncicb.nci.nih.gov/xml/owl/EVS/Thesaurus.owl#C134755,http://ncicb.nci.nih.gov/xml/owl/EVS/Thesaurus.owl#C39824,0.0
http://ncicb.nci.nih.gov/xml/owl/EVS/Thesaurus.owl#C164159,http://www.w3.org/2000/01/rdf-schema#subClassOf,http://ncicb.nci.nih.gov/xml/owl/EVS/Thesaurus.owl#C8064,http://ncicb.nci.nih.gov/xml/owl/EVS/Thesaurus.owl#C140929,0.0
http://ncicb.nci.nih.gov/xml/owl/EVS/Thesaurus.owl#C118837,http://www.w3.org/2000/01/rdf-schema#subClassOf,http://ncicb.nci.nih.gov/xml/owl/EVS/Thesaurus.owl#C173518,http://ncicb.nci.nih.gov/xml/owl/EVS/Thesaurus.owl#C53556,0.0
http://ncicb.nci.nih.gov/xml/owl/EVS/Thesaurus.owl#C191611,http://www.w3.org/2000/01/rdf-schema#subClassOf,http://ncicb.nci.nih.gov/xml/owl/EVS/Thesaurus.owl#C179263,http://ncicb.nci.nih.gov/xml/owl/EVS/Thesaurus.owl#C3164,0.0
http://ncicb.nci.nih.gov/xml/owl/EVS/Thesaurus.owl#C74876,http://www.w3.org/2000/01/rdf-schema#subClassOf,http://ncicb.nci.nih.gov/xml/owl/EVS/Thesaurus.owl#C74697,http://ncicb.nci.nih.gov/xml/owl/EVS/Thesaurus.owl#C184352,0.0
http://ncicb.nci.nih.gov/xml/owl/EVS/Thesaurus.owl#C131716,http://www.w3.org/2000/01/rdf-schema#subClassOf,http://ncicb.nci.nih.gov/xml/owl/EVS/Thesaurus.owl#C173518,http://ncicb.nci.nih.gov/xml/owl/EVS/Thesaurus.owl#C61544,0.0
http://ncicb.nci.nih.gov/xml/owl/EVS/Thesaurus.owl#C24150,http://www.w3.org/2000/01/rdf-schema#subClassOf,http://ncicb.nci.nih.gov/xml/owl/EVS/Thesaurus.owl#C24148,http://ncicb.nci.nih.gov/xml/owl/EVS/Thesaurus.owl#C21814,0.0
http://ncicb.nci.nih.gov/xml/owl/EVS/Thesaurus.owl#C134042,http://www.w3.org/2000/01/rdf-schema#subClassOf,http://ncicb.nci.nih.gov/xml/owl/EVS/Thesaurus.owl#C134041,http://ncicb.nci.nih.gov/xml/owl/EVS/Thesaurus.owl#C140960,0.0
http://ncicb.nci.nih.gov/xml/owl/EVS/Thesaurus.owl#C14424,http://www.w3.org/2000/01/rdf-schema#subClassOf,http://ncicb.nci.nih.gov/xml/owl/EVS/Thesaurus.owl#C14421,http://ncicb.nci.nih.gov/xml/owl/EVS/Thesaurus.owl#C7191,0.0
http://ncicb.nci.nih.gov/xml/owl/EVS/Thesaurus.owl#C37346,http://www.w3.org/2000/01/rdf-schema#subClassOf,http://ncicb.nci.nih.gov/xml/owl/EVS/Thesaurus.owl#C14421,http://ncicb.nci.nih.gov/xml/owl/EVS/Thesaurus.owl#C68679,0.0
http://ncicb.nci.nih.gov/xml/owl/EVS/Thesaurus.owl#C8215,http://www.w3.org/2000/01/rdf-schema#subClassOf,http://ncicb.nci.nih.gov/xml/owl/EVS/Thesaurus.owl#C6076,http://ncicb.nci.nih.gov/xml/owl/EVS/Thesaurus.owl#C3237,0.0
http://ncicb.nci.nih.gov/xml/owl/EVS/Thesaurus.owl#C6143,http://www.w3.org/2000/01/rdf-schema#subClassOf,http://ncicb.nci.nih.gov/xml/owl/EVS/Thesaurus.owl#C6142,http://ncicb.nci.nih.gov/xml/owl/EVS/Thesaurus.owl#C115443,0.0
http://ncicb.nci.nih.gov/xml/owl/EVS/Thesaurus.owl#C21335,http://www.w3.org/2000/01/rdf-schema#subClassOf,http://ncicb.nci.nih.gov/xml/owl/EVS/Thesaurus.owl#C17104,http://ncicb.nci.nih.gov/xml/owl/EVS/Thesaurus.owl#C35350,0.0
http://ncicb.nci.nih.gov/xml/owl/EVS/Thesaurus.owl#C134190,http://www.w3.org/2000/01/rdf-schema#subClassOf,http://ncicb.nci.nih.gov/xml/owl/EVS/Thesaurus.owl#C134186,http://ncicb.nci.nih.gov/xml/owl/EVS/Thesaurus.owl#C23086,0.0
http://ncicb.nci.nih.gov/xml/owl/EVS/Thesaurus.owl#C64587,http://www.w3.org/2000/01/rdf-schema#subClassOf,http://ncicb.nci.nih.gov/xml/owl/EVS/Thesaurus.owl#C89038,http://ncicb.nci.nih.gov/xml/owl/EVS/Thesaurus.owl#C139857,0.0
http://ncicb.nci.nih.gov/xml/owl/EVS/Thesaurus.owl#C24167,http://www.w3.org/2000/01/rdf-schema#subClassOf,http://ncicb.nci.nih.gov/xml/owl/EVS/Thesaurus.owl#C24166,http://ncicb.nci.nih.gov/xml/owl/EVS/Thesaurus.owl#C7122,0.0
http://ncicb.nci.nih.gov/xml/owl/EVS/Thesaurus.owl#C8174,http://www.w3.org/2000/01/rdf-schema#subClassOf,http://ncicb.nci.nih.gov/xml/owl/EVS/Thesaurus.owl#C4833,http://ncicb.nci.nih.gov/xml/owl/EVS/Thesaurus.owl#C6464,0.0
http://ncicb.nci.nih.gov/xml/owl/EVS/Thesaurus.owl#C115073,http://www.w3.org/2000/01/rdf-schema#subClassOf,http://ncicb.nci.nih.gov/xml/owl/EVS/Thesaurus.owl#C89117,http://ncicb.nci.nih.gov/xml/owl/EVS/Thesaurus.owl#C173685,0.0
http://ncicb.nci.nih.gov/xml/owl/EVS/Thesaurus.owl#C61574,http://www.w3.org/2000/01/rdf-schema#subClassOf,http://ncicb.nci.nih.gov/xml/owl/EVS/Thesaurus.owl#C3556,http://ncicb.nci.nih.gov/xml/owl/EVS/Thesaurus.owl#C141013,0.0
http://ncicb.nci.nih.gov/xml/owl/EVS/Thesaurus.owl#C37371,http://www.w3.org/2000/01/rdf-schema#subClassOf,http://ncicb.nci.nih.gov/xml/owl/EVS/Thesaurus.owl#C14421,http://ncicb.nci.nih.gov/xml/owl/EVS/Thesaurus.owl#C132732,0.0
http://ncicb.nci.nih.gov/xml/owl/EVS/Thesaurus.owl#C5074,http://www.w3.org/2000/01/rdf-schema#subClassOf,http://ncicb.nci.nih.gov/xml/owl/EVS/Thesaurus.owl#C5634,http://ncicb.nci.nih.gov/xml/owl/EVS/Thesaurus.owl#C90508,0.0
http://ncicb.nci.nih.gov/xml/owl/EVS/Thesaurus.owl#C125670,http://www.w3.org/2000/01/rdf-schema#subClassOf,http://ncicb.nci.nih.gov/xml/owl/EVS/Thesaurus.owl#C173346,http://ncicb.nci.nih.gov/xml/owl/EVS/Thesaurus.owl#C22013,0.0
http://ncicb.nci.nih.gov/xml/owl/EVS/Thesaurus.owl#C8244,http://www.w3.org/2000/01/rdf-schema#subClassOf,http://ncicb.nci.nih.gov/xml/owl/EVS/Thesaurus.owl#C8188,http://ncicb.nci.nih.gov/xml/owl/EVS/Thesaurus.owl#C7080,0.0
http://ncicb.nci.nih.gov/xml/owl/EVS/Thesaurus.owl#C76190,http://www.w3.org/2000/01/rdf-schema#subClassOf,http://ncicb.nci.nih.gov/xml/owl/EVS/Thesaurus.owl#C15172,http://ncicb.nci.nih.gov/xml/owl/EVS/Thesaurus.owl#C87544,0.0
http://ncicb.nci.nih.gov/xml/owl/EVS/Thesaurus.owl#C88706,http://www.w3.org/2000/01/rdf-schema#subClassOf,http://ncicb.nci.nih.gov/xml/owl/EVS/Thesaurus.owl#C88701,http://ncicb.nci.nih.gov/xml/owl/EVS/Thesaurus.owl#C5884,0.0
http://ncicb.nci.nih.gov/xml/owl/EVS/Thesaurus.owl#C8250,http://www.w3.org/2000/01/rdf-schema#subClassOf,http://ncicb.nci.nih.gov/xml/owl/EVS/Thesaurus.owl#C8487,http://ncicb.nci.nih.gov/xml/owl/EVS/Thesaurus.owl#C174314,0.0
http://ncicb.nci.nih.gov/xml/owl/EVS/Thesaurus.owl#C139711,http://www.w3.org/2000/01/rdf-schema#subClassOf,http://ncicb.nci.nih.gov/xml/owl/EVS/Thesaurus.owl#C139710,http://ncicb.nci.nih.gov/xml/owl/EVS/Thesaurus.owl#C172227,0.0
http://ncicb.nci.nih.gov/xml/owl/EVS/Thesaurus.owl#C62208,http://www.w3.org/2000/01/rdf-schema#subClassOf,http://ncicb.nci.nih.gov/xml/owl/EVS/Thesaurus.owl#C43573,http://ncicb.nci.nih.gov/xml/owl/EVS/Thesaurus.owl#C160819,0.0
http://ncicb.nci.nih.gov/xml/owl/EVS/Thesaurus.owl#C5073,http://www.w3.org/2000/01/rdf-schema#subClassOf,http://ncicb.nci.nih.gov/xml/owl/EVS/Thesaurus.owl#C5012,http://ncicb.nci.nih.gov/xml/owl/EVS/Thesaurus.owl#C5940,0.0
http://ncicb.nci.nih.gov/xml/owl/EVS/Thesaurus.owl#C8246,http://www.w3.org/2000/01/rdf-schema#subClassOf,http://ncicb.nci.nih.gov/xml/owl/EVS/Thesaurus.owl#C8188,http://ncicb.nci.nih.gov/xml/owl/EVS/Thesaurus.owl#C173082,0.0
http://ncicb.nci.nih.gov/xml/owl/EVS/Thesaurus.owl#C127071,http://www.w3.org/2000/01/rdf-schema#subClassOf,http://ncicb.nci.nih.gov/xml/owl/EVS/Thesaurus.owl#C3608,http://ncicb.nci.nih.gov/xml/owl/EVS/Thesaurus.owl#C9323,0.0
http://ncicb.nci.nih.gov/xml/owl/EVS/Thesaurus.owl#C5941,http://www.w3.org/2000/01/rdf-schema#subClassOf,http://ncicb.nci.nih.gov/xml/owl/EVS/Thesaurus.owl#C6791,http://ncicb.nci.nih.gov/xml/owl/EVS/Thesaurus.owl#C8764,0.0
http://ncicb.nci.nih.gov/xml/owl/EVS/Thesaurus.owl#C7794,http://www.w3.org/2000/01/rdf-schema#subClassOf,http://ncicb.nci.nih.gov/xml/owl/EVS/Thesaurus.owl#C133787,http://ncicb.nci.nih.gov/xml/owl/EVS/Thesaurus.owl#C6673,0.0
http://ncicb.nci.nih.gov/xml/owl/EVS/Thesaurus.owl#C134099,http://www.w3.org/2000/01/rdf-schema#subClassOf,http://ncicb.nci.nih.gov/xml/owl/EVS/Thesaurus.owl#C134054,http://ncicb.nci.nih.gov/xml/owl/EVS/Thesaurus.owl#C21631,0.0
http://ncicb.nci.nih.gov/xml/owl/EVS/Thesaurus.owl#C178677,http://www.w3.org/2000/01/rdf-schema#subClassOf,http://ncicb.nci.nih.gov/xml/owl/EVS/Thesaurus.owl#C105555,http://ncicb.nci.nih.gov/xml/owl/EVS/Thesaurus.owl#C7638,0.0
http://ncicb.nci.nih.gov/xml/owl/EVS/Thesaurus.owl#C136935,http://www.w3.org/2000/01/rdf-schema#subClassOf,http://ncicb.nci.nih.gov/xml/owl/EVS/Thesaurus.owl#C136934,http://ncicb.nci.nih.gov/xml/owl/EVS/Thesaurus.owl#C8274,0.0
http://ncicb.nci.nih.gov/xml/owl/EVS/Thesaurus.owl#C165262,http://www.w3.org/2000/01/rdf-schema#subClassOf,http://ncicb.nci.nih.gov/xml/owl/EVS/Thesaurus.owl#C153615,http://ncicb.nci.nih.gov/xml/owl/EVS/Thesaurus.owl#C7853,0.0
http://ncicb.nci.nih.gov/xml/owl/EVS/Thesaurus.owl#C133624,http://www.w3.org/2000/01/rdf-schema#subClassOf,http://ncicb.nci.nih.gov/xml/owl/EVS/Thesaurus.owl#C133622,http://ncicb.nci.nih.gov/xml/owl/EVS/Thesaurus.owl#C135171,0.0
http://ncicb.nci.nih.gov/xml/owl/EVS/Thesaurus.owl#C186272,http://www.w3.org/2000/01/rdf-schema#subClassOf,http://ncicb.nci.nih.gov/xml/owl/EVS/Thesaurus.owl#C160781,http://ncicb.nci.nih.gov/xml/owl/EVS/Thesaurus.owl#C5883,0.0
http://ncicb.nci.nih.gov/xml/owl/EVS/Thesaurus.owl#C5729,http://www.w3.org/2000/01/rdf-schema#subClassOf,http://ncicb.nci.nih.gov/xml/owl/EVS/Thesaurus.owl#C134902,http://ncicb.nci.nih.gov/xml/owl/EVS/Thesaurus.owl#C91256,0.0
http://ncicb.nci.nih.gov/xml/owl/EVS/Thesaurus.owl#C185067,http://www.w3.org/2000/01/rdf-schema#subClassOf,http://ncicb.nci.nih.gov/xml/owl/EVS/Thesaurus.owl#C167336,http://ncicb.nci.nih.gov/xml/owl/EVS/Thesaurus.owl#C132779,0.0
http://ncicb.nci.nih.gov/xml/owl/EVS/Thesaurus.owl#C9381,http://www.w3.org/2000/01/rdf-schema#subClassOf,http://ncicb.nci.nih.gov/xml/owl/EVS/Thesaurus.owl#C3250,http://ncicb.nci.nih.gov/xml/owl/EVS/Thesaurus.owl#C153357,0.0
http://ncicb.nci.nih.gov/xml/owl/EVS/Thesaurus.owl#C21952,http://www.w3.org/2000/01/rdf-schema#subClassOf,http://ncicb.nci.nih.gov/xml/owl/EVS/Thesaurus.owl#C21951,http://ncicb.nci.nih.gov/xml/owl/EVS/Thesaurus.owl#C114964,0.0
http://ncicb.nci.nih.gov/xml/owl/EVS/Thesaurus.owl#C107394,http://www.w3.org/2000/01/rdf-schema#subClassOf,http://ncicb.nci.nih.gov/xml/owl/EVS/Thesaurus.owl#C173130,http://ncicb.nci.nih.gov/xml/owl/EVS/Thesaurus.owl#C39829,0.0
http://ncicb.nci.nih.gov/xml/owl/EVS/Thesaurus.owl#C89235,http://www.w3.org/2000/01/rdf-schema#subClassOf,http://ncicb.nci.nih.gov/xml/owl/EVS/Thesaurus.owl#C91233,http://ncicb.nci.nih.gov/xml/owl/EVS/Thesaurus.owl#C21790,0.0
http://ncicb.nci.nih.gov/xml/owl/EVS/Thesaurus.owl#C5896,http://www.w3.org/2000/01/rdf-schema#subClassOf,http://ncicb.nci.nih.gov/xml/owl/EVS/Thesaurus.owl#C132778,http://ncicb.nci.nih.gov/xml/owl/EVS/Thesaurus.owl#C8104,0.0
http://ncicb.nci.nih.gov/xml/owl/EVS/Thesaurus.owl#C148386,http://www.w3.org/2000/01/rdf-schema#subClassOf,http://ncicb.nci.nih.gov/xml/owl/EVS/Thesaurus.owl#C148401,http://ncicb.nci.nih.gov/xml/owl/EVS/Thesaurus.owl#C141296,0.0
http://ncicb.nci.nih.gov/xml/owl/EVS/Thesaurus.owl#C158587,http://www.w3.org/2000/01/rdf-schema#subClassOf,http://ncicb.nci.nih.gov/xml/owl/EVS/Thesaurus.owl#C4830,http://ncicb.nci.nih.gov/xml/owl/EVS/Thesaurus.owl#C165562,0.0
http://ncicb.nci.nih.gov/xml/owl/EVS/Thesaurus.owl#C14413,http://www.w3.org/2000/01/rdf-schema#subClassOf,http://ncicb.nci.nih.gov/xml/owl/EVS/Thesaurus.owl#C15172,http://ncicb.nci.nih.gov/xml/owl/EVS/Thesaurus.owl#C189411,0.0
http://ncicb.nci.nih.gov/xml/owl/EVS/Thesaurus.owl#C6665,http://www.w3.org/2000/01/rdf-schema#subClassOf,http://ncicb.nci.nih.gov/xml/owl/EVS/Thesaurus.owl#C9257,http://ncicb.nci.nih.gov/xml/owl/EVS/Thesaurus.owl#C30037,0.0
http://ncicb.nci.nih.gov/xml/owl/EVS/Thesaurus.owl#C192081,http://www.w3.org/2000/01/rdf-schema#subClassOf,http://ncicb.nci.nih.gov/xml/owl/EVS/Thesaurus.owl#C173346,http://ncicb.nci.nih.gov/xml/owl/EVS/Thesaurus.owl#C162766,0.0
http://ncicb.nci.nih.gov/xml/owl/EVS/Thesaurus.owl#C37370,http://www.w3.org/2000/01/rdf-schema#subClassOf,http://ncicb.nci.nih.gov/xml/owl/EVS/Thesaurus.owl#C14421,http://ncicb.nci.nih.gov/xml/owl/EVS/Thesaurus.owl#C88701,0.0
http://ncicb.nci.nih.gov/xml/owl/EVS/Thesaurus.owl#C40170,http://www.w3.org/2000/01/rdf-schema#subClassOf,http://ncicb.nci.nih.gov/xml/owl/EVS/Thesaurus.owl#C3748,http://ncicb.nci.nih.gov/xml/owl/EVS/Thesaurus.owl#C165458,0.0
http://ncicb.nci.nih.gov/xml/owl/EVS/Thesaurus.owl#C126211,http://www.w3.org/2000/01/rdf-schema#subClassOf,http://ncicb.nci.nih.gov/xml/owl/EVS/Thesaurus.owl#C173135,http://ncicb.nci.nih.gov/xml/owl/EVS/Thesaurus.owl#C24053,0.0
http://ncicb.nci.nih.gov/xml/owl/EVS/Thesaurus.owl#C134196,http://www.w3.org/2000/01/rdf-schema#subClassOf,http://ncicb.nci.nih.gov/xml/owl/EVS/Thesaurus.owl#C134195,http://ncicb.nci.nih.gov/xml/owl/EVS/Thesaurus.owl#C134176,0.0
http://ncicb.nci.nih.gov/xml/owl/EVS/Thesaurus.owl#C136907,http://www.w3.org/2000/01/rdf-schema#subClassOf,http://ncicb.nci.nih.gov/xml/owl/EVS/Thesaurus.owl#C136906,http://ncicb.nci.nih.gov/xml/owl/EVS/Thesaurus.owl#C139866,0.0
http://ncicb.nci.nih.gov/xml/owl/EVS/Thesaurus.owl#C4825,http://www.w3.org/2000/01/rdf-schema#subClassOf,http://ncicb.nci.nih.gov/xml/owl/EVS/Thesaurus.owl#C9105,http://ncicb.nci.nih.gov/xml/owl/EVS/Thesaurus.owl#C9329,0.0
http://ncicb.nci.nih.gov/xml/owl/EVS/Thesaurus.owl#C190415,http://www.w3.org/2000/01/rdf-schema#subClassOf,http://ncicb.nci.nih.gov/xml/owl/EVS/Thesaurus.owl#C190413,http://ncicb.nci.nih.gov/xml/owl/EVS/Thesaurus.owl#C23140,0.0
http://ncicb.nci.nih.gov/xml/owl/EVS/Thesaurus.owl#C65065,http://www.w3.org/2000/01/rdf-schema#subClassOf,http://ncicb.nci.nih.gov/xml/owl/EVS/Thesaurus.owl#C89111,http://ncicb.nci.nih.gov/xml/owl/EVS/Thesaurus.owl#C158149,0.0
http://ncicb.nci.nih.gov/xml/owl/EVS/Thesaurus.owl#C119974,http://www.w3.org/2000/01/rdf-schema#subClassOf,http://ncicb.nci.nih.gov/xml/owl/EVS/Thesaurus.owl#C173346,http://ncicb.nci.nih.gov/xml/owl/EVS/Thesaurus.owl#C153170,0.0
http://ncicb.nci.nih.gov/xml/owl/EVS/Thesaurus.owl#C179677,http://www.w3.org/2000/01/rdf-schema#subClassOf,http://ncicb.nci.nih.gov/xml/owl/EVS/Thesaurus.owl#C168995,http://ncicb.nci.nih.gov/xml/owl/EVS/Thesaurus.owl#C141171,0.0
http://ncicb.nci.nih.gov/xml/owl/EVS/Thesaurus.owl#C136360,http://www.w3.org/2000/01/rdf-schema#subClassOf,http://ncicb.nci.nih.gov/xml/owl/EVS/Thesaurus.owl#C173346,http://ncicb.nci.nih.gov/xml/owl/EVS/Thesaurus.owl#C9323,0.0
http://ncicb.nci.nih.gov/xml/owl/EVS/Thesaurus.owl#C98782,http://www.w3.org/2000/01/rdf-schema#subClassOf,http://ncicb.nci.nih.gov/xml/owl/EVS/Thesaurus.owl#C14421,http://ncicb.nci.nih.gov/xml/owl/EVS/Thesaurus.owl#C8968,0.0
http://ncicb.nci.nih.gov/xml/owl/EVS/Thesaurus.owl#C6122,http://www.w3.org/2000/01/rdf-schema#subClassOf,http://ncicb.nci.nih.gov/xml/owl/EVS/Thesaurus.owl#C8243,http://ncicb.nci.nih.gov/xml/owl/EVS/Thesaurus.owl#C4950,0.0
http://ncicb.nci.nih.gov/xml/owl/EVS/Thesaurus.owl#C191540,http://www.w3.org/2000/01/rdf-schema#subClassOf,http://ncicb.nci.nih.gov/xml/owl/EVS/Thesaurus.owl#C49343,http://ncicb.nci.nih.gov/xml/owl/EVS/Thesaurus.owl#C134755,0.0
http://ncicb.nci.nih.gov/xml/owl/EVS/Thesaurus.owl#C21744,http://www.w3.org/2000/01/rdf-schema#subClassOf,http://ncicb.nci.nih.gov/xml/owl/EVS/Thesaurus.owl#C21611,http://ncicb.nci.nih.gov/xml/owl/EVS/Thesaurus.owl#C157365,0.0
http://ncicb.nci.nih.gov/xml/owl/EVS/Thesaurus.owl#C163963,http://www.w3.org/2000/01/rdf-schema#subClassOf,http://ncicb.nci.nih.gov/xml/owl/EVS/Thesaurus.owl#C148493,http://ncicb.nci.nih.gov/xml/owl/EVS/Thesaurus.owl#C5647,0.0
http://ncicb.nci.nih.gov/xml/owl/EVS/Thesaurus.owl#C89447,http://www.w3.org/2000/01/rdf-schema#subClassOf,http://ncicb.nci.nih.gov/xml/owl/EVS/Thesaurus.owl#C91203,http://ncicb.nci.nih.gov/xml/owl/EVS/Thesaurus.owl#C135075,0.0
http://ncicb.nci.nih.gov/xml/owl/EVS/Thesaurus.owl#C189426,http://www.w3.org/2000/01/rdf-schema#subClassOf,http://ncicb.nci.nih.gov/xml/owl/EVS/Thesaurus.owl#C189302,http://ncicb.nci.nih.gov/xml/owl/EVS/Thesaurus.owl#C133899,0.0
http://ncicb.nci.nih.gov/xml/owl/EVS/Thesaurus.owl#C165472,http://www.w3.org/2000/01/rdf-schema#subClassOf,http://ncicb.nci.nih.gov/xml/owl/EVS/Thesaurus.owl#C162758,http://ncicb.nci.nih.gov/xml/owl/EVS/Thesaurus.owl#C126227,0.0
http://ncicb.nci.nih.gov/xml/owl/EVS/Thesaurus.owl#C54400,http://www.w3.org/2000/01/rdf-schema#subClassOf,http://ncicb.nci.nih.gov/xml/owl/EVS/Thesaurus.owl#C3871,http://ncicb.nci.nih.gov/xml/owl/EVS/Thesaurus.owl#C36077,0.0
http://ncicb.nci.nih.gov/xml/owl/EVS/Thesaurus.owl#C41239,http://www.w3.org/2000/01/rdf-schema#subClassOf,http://ncicb.nci.nih.gov/xml/owl/EVS/Thesaurus.owl#C35820,http://ncicb.nci.nih.gov/xml/owl/EVS/Thesaurus.owl#C148129,0.0
http://ncicb.nci.nih.gov/xml/owl/EVS/Thesaurus.owl#C5867,http://www.w3.org/2000/01/rdf-schema#subClassOf,http://ncicb.nci.nih.gov/xml/owl/EVS/Thesaurus.owl#C8211,http://ncicb.nci.nih.gov/xml/owl/EVS/Thesaurus.owl#C4256,0.0
http://ncicb.nci.nih.gov/xml/owl/EVS/Thesaurus.owl#C137675,http://www.w3.org/2000/01/rdf-schema#subClassOf,http://ncicb.nci.nih.gov/xml/owl/EVS/Thesaurus.owl#C137670,http://ncicb.nci.nih.gov/xml/owl/EVS/Thesaurus.owl#C168777,0.0
http://ncicb.nci.nih.gov/xml/owl/EVS/Thesaurus.owl#C137673,http://www.w3.org/2000/01/rdf-schema#subClassOf,http://ncicb.nci.nih.gov/xml/owl/EVS/Thesaurus.owl#C137670,http://ncicb.nci.nih.gov/xml/owl/EVS/Thesaurus.owl#C96160,0.0
http://ncicb.nci.nih.gov/xml/owl/EVS/Thesaurus.owl#C62235,http://www.w3.org/2000/01/rdf-schema#subClassOf,http://ncicb.nci.nih.gov/xml/owl/EVS/Thesaurus.owl#C62232,http://ncicb.nci.nih.gov/xml/owl/EVS/Thesaurus.owl#C190413,0.0
http://ncicb.nci.nih.gov/xml/owl/EVS/Thesaurus.owl#C7268,http://www.w3.org/2000/01/rdf-schema#subClassOf,http://ncicb.nci.nih.gov/xml/owl/EVS/Thesaurus.owl#C2923,http://ncicb.nci.nih.gov/xml/owl/EVS/Thesaurus.owl#C4850,0.0
http://ncicb.nci.nih.gov/xml/owl/EVS/Thesaurus.owl#C119976,http://www.w3.org/2000/01/rdf-schema#subClassOf,http://ncicb.nci.nih.gov/xml/owl/EVS/Thesaurus.owl#C173346,http://ncicb.nci.nih.gov/xml/owl/EVS/Thesaurus.owl#C6579,0.0
http://ncicb.nci.nih.gov/xml/owl/EVS/Thesaurus.owl#C174149,http://www.w3.org/2000/01/rdf-schema#subClassOf,http://ncicb.nci.nih.gov/xml/owl/EVS/Thesaurus.owl#C162512,http://ncicb.nci.nih.gov/xml/owl/EVS/Thesaurus.owl#C87544,0.0
http://ncicb.nci.nih.gov/xml/owl/EVS/Thesaurus.owl#C191857,http://www.w3.org/2000/01/rdf-schema#subClassOf,http://ncicb.nci.nih.gov/xml/owl/EVS/Thesaurus.owl#C191855,http://ncicb.nci.nih.gov/xml/owl/EVS/Thesaurus.owl#C181562,0.0
http://ncicb.nci.nih.gov/xml/owl/EVS/Thesaurus.owl#C181966,http://www.w3.org/2000/01/rdf-schema#subClassOf,http://ncicb.nci.nih.gov/xml/owl/EVS/Thesaurus.owl#C7976,http://ncicb.nci.nih.gov/xml/owl/EVS/Thesaurus.owl#C5977,0.0
http://ncicb.nci.nih.gov/xml/owl/EVS/Thesaurus.owl#C128062,http://www.w3.org/2000/01/rdf-schema#subClassOf,http://ncicb.nci.nih.gov/xml/owl/EVS/Thesaurus.owl#C179634,http://ncicb.nci.nih.gov/xml/owl/EVS/Thesaurus.owl#C139977,0.0
http://ncicb.nci.nih.gov/xml/owl/EVS/Thesaurus.owl#C184578,http://www.w3.org/2000/01/rdf-schema#subClassOf,http://ncicb.nci.nih.gov/xml/owl/EVS/Thesaurus.owl#C74688,http://ncicb.nci.nih.gov/xml/owl/EVS/Thesaurus.owl#C134853,0.0
http://ncicb.nci.nih.gov/xml/owl/EVS/Thesaurus.owl#C173980,http://www.w3.org/2000/01/rdf-schema#subClassOf,http://ncicb.nci.nih.gov/xml/owl/EVS/Thesaurus.owl#C170517,http://ncicb.nci.nih.gov/xml/owl/EVS/Thesaurus.owl#C8193,0.0
http://ncicb.nci.nih.gov/xml/owl/EVS/Thesaurus.owl#C159649,http://www.w3.org/2000/01/rdf-schema#subClassOf,http://ncicb.nci.nih.gov/xml/owl/EVS/Thesaurus.owl#C159616,http://ncicb.nci.nih.gov/xml/owl/EVS/Thesaurus.owl#C8064,0.0
http://ncicb.nci.nih.gov/xml/owl/EVS/Thesaurus.owl#C62208,http://www.w3.org/2000/01/rdf-schema#subClassOf,http://ncicb.nci.nih.gov/xml/owl/EVS/Thesaurus.owl#C62285,http://ncicb.nci.nih.gov/xml/owl/EVS/Thesaurus.owl#C160737,0.0
http://ncicb.nci.nih.gov/xml/owl/EVS/Thesaurus.owl#C139881,http://www.w3.org/2000/01/rdf-schema#subClassOf,http://ncicb.nci.nih.gov/xml/owl/EVS/Thesaurus.owl#C139879,http://ncicb.nci.nih.gov/xml/owl/EVS/Thesaurus.owl#C3696,0.0
http://ncicb.nci.nih.gov/xml/owl/EVS/Thesaurus.owl#C5087,http://www.w3.org/2000/01/rdf-schema#subClassOf,http://ncicb.nci.nih.gov/xml/owl/EVS/Thesaurus.owl#C141260,http://ncicb.nci.nih.gov/xml/owl/EVS/Thesaurus.owl#C21687,0.0
http://ncicb.nci.nih.gov/xml/owl/EVS/Thesaurus.owl#C141194,http://www.w3.org/2000/01/rdf-schema#subClassOf,http://ncicb.nci.nih.gov/xml/owl/EVS/Thesaurus.owl#C141173,http://ncicb.nci.nih.gov/xml/owl/EVS/Thesaurus.owl#C139005,0.0
http://ncicb.nci.nih.gov/xml/owl/EVS/Thesaurus.owl#C135099,http://www.w3.org/2000/01/rdf-schema#subClassOf,http://ncicb.nci.nih.gov/xml/owl/EVS/Thesaurus.owl#C135097,http://ncicb.nci.nih.gov/xml/owl/EVS/Thesaurus.owl#C162158,0.0
http://ncicb.nci.nih.gov/xml/owl/EVS/Thesaurus.owl#C138168,http://www.w3.org/2000/01/rdf-schema#subClassOf,http://ncicb.nci.nih.gov/xml/owl/EVS/Thesaurus.owl#C138167,http://ncicb.nci.nih.gov/xml/owl/EVS/Thesaurus.owl#C134251,0.0
http://ncicb.nci.nih.gov/xml/owl/EVS/Thesaurus.owl#C156908,http://www.w3.org/2000/01/rdf-schema#subClassOf,http://ncicb.nci.nih.gov/xml/owl/EVS/Thesaurus.owl#C27326,http://ncicb.nci.nih.gov/xml/owl/EVS/Thesaurus.owl#C179934,0.0
http://ncicb.nci.nih.gov/xml/owl/EVS/Thesaurus.owl#C22021,http://www.w3.org/2000/01/rdf-schema#subClassOf,http://ncicb.nci.nih.gov/xml/owl/EVS/Thesaurus.owl#C22013,http://ncicb.nci.nih.gov/xml/owl/EVS/Thesaurus.owl#C7491,0.0
http://ncicb.nci.nih.gov/xml/owl/EVS/Thesaurus.owl#C134293,http://www.w3.org/2000/01/rdf-schema#subClassOf,http://ncicb.nci.nih.gov/xml/owl/EVS/Thesaurus.owl#C134258,http://ncicb.nci.nih.gov/xml/owl/EVS/Thesaurus.owl#C61544,0.0
http://ncicb.nci.nih.gov/xml/owl/EVS/Thesaurus.owl#C140364,http://www.w3.org/2000/01/rdf-schema#subClassOf,http://ncicb.nci.nih.gov/xml/owl/EVS/Thesaurus.owl#C140355,http://ncicb.nci.nih.gov/xml/owl/EVS/Thesaurus.owl#C7457,0.0
http://ncicb.nci.nih.gov/xml/owl/EVS/Thesaurus.owl#C184345,http://www.w3.org/2000/01/rdf-schema#subClassOf,http://ncicb.nci.nih.gov/xml/owl/EVS/Thesaurus.owl#C174314,http://ncicb.nci.nih.gov/xml/owl/EVS/Thesaurus.owl#C179933,0.0
http://ncicb.nci.nih.gov/xml/owl/EVS/Thesaurus.owl#C122716,http://www.w3.org/2000/01/rdf-schema#subClassOf,http://ncicb.nci.nih.gov/xml/owl/EVS/Thesaurus.owl#C82426,http://ncicb.nci.nih.gov/xml/owl/EVS/Thesaurus.owl#C6652,0.0
http://ncicb.nci.nih.gov/xml/owl/EVS/Thesaurus.owl#C162619,http://www.w3.org/2000/01/rdf-schema#subClassOf,http://ncicb.nci.nih.gov/xml/owl/EVS/Thesaurus.owl#C157636,http://ncicb.nci.nih.gov/xml/owl/EVS/Thesaurus.owl#C133253,0.0
http://ncicb.nci.nih.gov/xml/owl/EVS/Thesaurus.owl#C8475,http://www.w3.org/2000/01/rdf-schema#subClassOf,http://ncicb.nci.nih.gov/xml/owl/EVS/Thesaurus.owl#C8122,http://ncicb.nci.nih.gov/xml/owl/EVS/Thesaurus.owl#C185134,0.0
http://ncicb.nci.nih.gov/xml/owl/EVS/Thesaurus.owl#C156683,http://www.w3.org/2000/01/rdf-schema#subClassOf,http://ncicb.nci.nih.gov/xml/owl/EVS/Thesaurus.owl#C165299,http://ncicb.nci.nih.gov/xml/owl/EVS/Thesaurus.owl#C74782,0.0
http://ncicb.nci.nih.gov/xml/owl/EVS/Thesaurus.owl#C90522,http://www.w3.org/2000/01/rdf-schema#subClassOf,http://ncicb.nci.nih.gov/xml/owl/EVS/Thesaurus.owl#C3871,http://ncicb.nci.nih.gov/xml/owl/EVS/Thesaurus.owl#C132778,0.0
http://ncicb.nci.nih.gov/xml/owl/EVS/Thesaurus.owl#C173336,http://www.w3.org/2000/01/rdf-schema#subClassOf,http://ncicb.nci.nih.gov/xml/owl/EVS/Thesaurus.owl#C170517,http://ncicb.nci.nih.gov/xml/owl/EVS/Thesaurus.owl#C8397,0.0
http://ncicb.nci.nih.gov/xml/owl/EVS/Thesaurus.owl#C159648,http://www.w3.org/2000/01/rdf-schema#subClassOf,http://ncicb.nci.nih.gov/xml/owl/EVS/Thesaurus.owl#C159616,http://ncicb.nci.nih.gov/xml/owl/EVS/Thesaurus.owl#C133787,0.0
http://ncicb.nci.nih.gov/xml/owl/EVS/Thesaurus.owl#C8159,http://www.w3.org/2000/01/rdf-schema#subClassOf,http://ncicb.nci.nih.gov/xml/owl/EVS/Thesaurus.owl#C8490,http://ncicb.nci.nih.gov/xml/owl/EVS/Thesaurus.owl#C136812,0.0
http://ncicb.nci.nih.gov/xml/owl/EVS/Thesaurus.owl#C5396,http://www.w3.org/2000/01/rdf-schema#subClassOf,http://ncicb.nci.nih.gov/xml/owl/EVS/Thesaurus.owl#C4298,http://ncicb.nci.nih.gov/xml/owl/EVS/Thesaurus.owl#C3569,0.0
http://ncicb.nci.nih.gov/xml/owl/EVS/Thesaurus.owl#C129999,http://www.w3.org/2000/01/rdf-schema#subClassOf,http://ncicb.nci.nih.gov/xml/owl/EVS/Thesaurus.owl#C173082,http://ncicb.nci.nih.gov/xml/owl/EVS/Thesaurus.owl#C135030,0.0
http://ncicb.nci.nih.gov/xml/owl/EVS/Thesaurus.owl#C7521,http://www.w3.org/2000/01/rdf-schema#subClassOf,http://ncicb.nci.nih.gov/xml/owl/EVS/Thesaurus.owl#C140376,http://ncicb.nci.nih.gov/xml/owl/EVS/Thesaurus.owl#C157069,0.0
http://ncicb.nci.nih.gov/xml/owl/EVS/Thesaurus.owl#C38377,http://www.w3.org/2000/01/rdf-schema#subClassOf,http://ncicb.nci.nih.gov/xml/owl/EVS/Thesaurus.owl#C36055,http://ncicb.nci.nih.gov/xml/owl/EVS/Thesaurus.owl#C126354,0.0
http://ncicb.nci.nih.gov/xml/owl/EVS/Thesaurus.owl#C5934,http://www.w3.org/2000/01/rdf-schema#subClassOf,http://ncicb.nci.nih.gov/xml/owl/EVS/Thesaurus.owl#C5901,http://ncicb.nci.nih.gov/xml/owl/EVS/Thesaurus.owl#C177802,0.0
http://ncicb.nci.nih.gov/xml/owl/EVS/Thesaurus.owl#C8691,http://www.w3.org/2000/01/rdf-schema#subClassOf,http://ncicb.nci.nih.gov/xml/owl/EVS/Thesaurus.owl#C8666,http://ncicb.nci.nih.gov/xml/owl/EVS/Thesaurus.owl#C34043,0.0
http://ncicb.nci.nih.gov/xml/owl/EVS/Thesaurus.owl#C3994,http://www.w3.org/2000/01/rdf-schema#subClassOf,http://ncicb.nci.nih.gov/xml/owl/EVS/Thesaurus.owl#C90507,http://ncicb.nci.nih.gov/xml/owl/EVS/Thesaurus.owl#C141031,0.0
http://ncicb.nci.nih.gov/xml/owl/EVS/Thesaurus.owl#C172206,http://www.w3.org/2000/01/rdf-schema#subClassOf,http://ncicb.nci.nih.gov/xml/owl/EVS/Thesaurus.owl#C8540,http://ncicb.nci.nih.gov/xml/owl/EVS/Thesaurus.owl#C134593,0.0
http://ncicb.nci.nih.gov/xml/owl/EVS/Thesaurus.owl#C132901,http://www.w3.org/2000/01/rdf-schema#subClassOf,http://ncicb.nci.nih.gov/xml/owl/EVS/Thesaurus.owl#C8771,http://ncicb.nci.nih.gov/xml/owl/EVS/Thesaurus.owl#C89622,0.0
http://ncicb.nci.nih.gov/xml/owl/EVS/Thesaurus.owl#C23104,http://www.w3.org/2000/01/rdf-schema#subClassOf,http://ncicb.nci.nih.gov/xml/owl/EVS/Thesaurus.owl#C23103,http://ncicb.nci.nih.gov/xml/owl/EVS/Thesaurus.owl#C15156,0.0
